Filename,Year,Month,Date,Description,Type of Notice,Nr. of Repos Affected
2017-01-03-BERTechnology.md,2017,01,03,BERTechnology.md,Takedown,1
2017-01-03-Devecoder.md,2017,01,03,Devecoder.md,Takedown,1
2017-01-03-Toontown.md,2017,01,03,Toontown.md,Takedown,1
2017-01-04-Cashare.md,2017,01,04,Cashare.md,Takedown,1
2017-01-04-newznab.md,2017,01,04,newznab.md,Takedown,1
2017-01-05-BERTechnology.md,2017,01,05,BERTechnology.md,Takedown,1
2017-01-05-DevExpress.md,2017,01,05,DevExpress.md,Takedown,1
2017-01-05-FluidMC-CounterNotice.md,2017,01,05,FluidMC-CounterNotice.md,Counter Notice,1
2017-01-05-handsontable.md,2017,01,05,handsontable.md,Takedown,1
2017-01-05-MineTox.md,2017,01,05,MineTox.md,Takedown,3
2017-01-05-Mobiscroll.md,2017,01,05,Mobiscroll.md,Takedown,1
2017-01-05-Pearson.md,2017,01,05,Pearson.md,Takedown,2
2017-01-06-FluffyUnderware.md,2017,01,06,FluffyUnderware.md,Takedown,1
2017-01-06-FluffyUnderware2.md,2017,01,06,FluffyUnderware2.md,Takedown,1
2017-01-06-newznab.md,2017,01,06,newznab.md,Takedown,1
2017-01-07-WorkStride.md,2017,01,07,WorkStride.md,Takedown,1
2017-01-09-Cashare-1.md,2017,01,09,Cashare-1.md,Takedown,1
2017-01-09-Cashare-2.md,2017,01,09,Cashare-2.md,Takedown,1
2017-01-09-Cashare-3.md,2017,01,09,Cashare-3.md,Takedown,1
2017-01-09-IGCRPG.md,2017,01,09,IGCRPG.md,Takedown,1
2017-01-09-PreCon.md,2017,01,09,PreCon.md,Takedown,1
2017-01-09-UCSB.md,2017,01,09,UCSB.md,Takedown,1
2017-01-10-AppAcademy.md,2017,01,10,AppAcademy.md,Takedown,1
2017-01-10-Chakra.md,2017,01,10,Chakra.md,Takedown,1
2017-01-10-FlowFree.md,2017,01,10,FlowFree.md,Takedown,3
2017-01-10-Pearson.md,2017,01,10,Pearson.md,Takedown,1
2017-01-10-Steinberg.md,2017,01,10,Steinberg.md,Takedown,1
2017-01-11-DevExpress.md,2017,01,11,DevExpress.md,Takedown,1
2017-01-11-MetaQuotes.md,2017,01,11,MetaQuotes.md,Takedown,1
2017-01-11-Pearson.md,2017,01,11,Pearson.md,Takedown,1
2017-01-11-ruhoh.md,2017,01,11,ruhoh.md,Takedown,1
2017-01-11-Steinberg.md,2017,01,11,Steinberg.md,Takedown,1
2017-01-12-Apple.md,2017,01,12,Apple.md,Takedown,1
2017-01-12-Presto.md,2017,01,12,Presto.md,Takedown,1
2017-01-12-Sony.md,2017,01,12,Sony.md,Takedown,1
2017-01-12-Zyante.md,2017,01,12,Zyante.md,Takedown,1
2017-01-13-Koongo.md,2017,01,13,Koongo.md,Takedown,1
2017-01-13-Nexon.md,2017,01,13,Nexon.md,Takedown,1
2017-01-13-Pearson.md,2017,01,13,Pearson.md,Takedown,3
2017-01-16-Opsive.md,2017,01,16,Opsive.md,Takedown,1
2017-01-16-RadStudio.md,2017,01,16,RadStudio.md,Takedown,1
2017-01-16-SaveOn.md,2017,01,16,SaveOn.md,Takedown,1
2017-01-17-Grafica.md,2017,01,17,Grafica.md,Takedown,1
2017-01-17-Mobiscroll.md,2017,01,17,Mobiscroll.md,Takedown,1
2017-01-17-Trivago-counternotice.md,2017,01,17,Trivago-counternotice.md,Counter Notice,1
2017-01-17-Trivago.md,2017,01,17,Trivago.md,Takedown,3
2017-01-19-Apple.md,2017,01,19,Apple.md,Takedown,16
2017-01-19-CodeIgniter.md,2017,01,19,CodeIgniter.md,Takedown,1
2017-01-19-Copystrong.md,2017,01,19,Copystrong.md,Takedown,1
2017-01-19-PORTAIO.md,2017,01,19,PORTAIO.md,Takedown,21
2017-01-19-Sony.md,2017,01,19,Sony.md,Takedown,5
2017-01-19-Steinberg.md,2017,01,19,Steinberg.md,Takedown,2
2017-01-20-Koongo-CounterNotice.md,2017,01,20,Koongo-CounterNotice.md,Counter Notice,1
2017-01-23-Battlesharp.md,2017,01,23,Battlesharp.md,Takedown,2
2017-01-23-FlightCrewAndroid.md,2017,01,23,FlightCrewAndroid.md,Takedown,1
2017-01-23-HexletLtd.md,2017,01,23,HexletLtd.md,Takedown,1
2017-01-23-Kewill.md,2017,01,23,Kewill.md,Takedown,1
2017-01-23-Pearson.md,2017,01,23,Pearson.md,Takedown,7
2017-01-23-Pluralsight.md,2017,01,23,Pluralsight.md,Takedown,66
2017-01-23-ruggengraat.md,2017,01,23,ruggengraat.md,Takedown,2
2017-01-23-ShootToKill.md,2017,01,23,ShootToKill.md,Takedown,1
2017-01-23-Stereoarts.md,2017,01,23,Stereoarts.md,Takedown,1
2017-01-24-BHIM.md,2017,01,24,BHIM.md,Takedown,1
2017-01-24-LiveMedia.md,2017,01,24,LiveMedia.md,Takedown,1
2017-01-24-Pearson.md,2017,01,24,Pearson.md,Takedown,1
2017-01-24-Web-Kik.md,2017,01,24,Web-Kik.md,Takedown,1
2017-01-24-Web-Kik2.md,2017,01,24,Web-Kik2.md,Takedown,1
2017-01-24-YouServe.md,2017,01,24,YouServe.md,Takedown,1
2017-01-25-Bibel.md,2017,01,25,Bibel.md,Takedown,1
2017-01-25-MetaQuotes.md,2017,01,25,MetaQuotes.md,Takedown,1
2017-01-25-RevealedTricks4u.md,2017,01,25,RevealedTricks4u.md,Takedown,1
2017-01-26-TraceableLIVE.md,2017,01,26,TraceableLIVE.md,Takedown,3
2017-01-27-AlterEgojQuery.md,2017,01,27,AlterEgojQuery.md,Takedown,1
2017-01-27-EloBuddy.md,2017,01,27,EloBuddy.md,Takedown,9
2017-01-27-Hexlet.md,2017,01,27,Hexlet.md,Takedown,1
2017-01-27-tournamentbot-counternotice.md,2017,01,27,tournamentbot-counternotice.md,Counter Notice,1
2017-01-30-Steinberg-2.md,2017,01,30,Steinberg-2.md,Takedown,1
2017-01-30-Steinberg.md,2017,01,30,Steinberg.md,Takedown,1
2017-01-31-Embarcadero.md,2017,01,31,Embarcadero.md,Takedown,1
2017-01-31-Hexlet.md,2017,01,31,Hexlet.md,Takedown,1
2017-01-31-NCR.md,2017,01,31,NCR.md,Takedown,1
2017-02-01-Rabbitmq.md,2017,02,01,Rabbitmq.md,Takedown,1
2017-02-01-RBoyApps-3.md,2017,02,01,RBoyApps-3.md,Takedown,9
2017-02-01-RBoyApps.md,2017,02,01,RBoyApps.md,Takedown,1
2017-02-01-ZurcherBibel.md,2017,02,01,ZurcherBibel.md,Takedown,1
2017-02-02-FlowFree.md,2017,02,02,FlowFree.md,Takedown,1
2017-02-02-GobelinLand.md,2017,02,02,GobelinLand.md,Takedown,1
2017-02-02-Irdeto.md,2017,02,02,Irdeto.md,Takedown,1
2017-02-02-MTDb.md,2017,02,02,MTDb.md,Takedown,1
2017-02-02-PORTAIO.md,2017,02,02,PORTAIO.md,Takedown,1
2017-02-03-Microsoft.md,2017,02,03,Microsoft.md,Takedown,1
2017-02-03-NCR.md,2017,02,03,NCR.md,Takedown,3
2017-02-03-posloan-wechat.md,2017,02,03,posloan-wechat.md,Takedown,1
2017-02-03-SingleFilePHPGallery.md,2017,02,03,SingleFilePHPGallery.md,Takedown,1
2017-02-06-Deezer.md,2017,02,06,Deezer.md,Takedown,15
2017-02-06-HBR.md,2017,02,06,HBR.md,Takedown,1
2017-02-06-Loadout.md,2017,02,06,Loadout.md,Takedown,1
2017-02-06-Pluralsight.md,2017,02,06,Pluralsight.md,Takedown,6
2017-02-07-ebay.md,2017,02,07,ebay.md,Takedown,1
2017-02-07-ElBundle.md,2017,02,07,ElBundle.md,Takedown,102
2017-02-07-Futura.md,2017,02,07,Futura.md,Takedown,1
2017-02-07-PickBasic.md,2017,02,07,PickBasic.md,Takedown,1
2017-02-07-RBoyApps.md,2017,02,07,RBoyApps.md,Takedown,5
2017-02-07-UltraPowa.md,2017,02,07,UltraPowa.md,Takedown,2
2017-02-07-Yahoo.md,2017,02,07,Yahoo.md,Takedown,1
2017-02-08-GobelinLand.md,2017,02,08,GobelinLand.md,Takedown,1
2017-02-08-MahJongLeh.md,2017,02,08,MahJongLeh.md,Takedown,3
2017-02-08-OReilly.md,2017,02,08,OReilly.md,Takedown,1
2017-02-08-Pearson.md,2017,02,08,Pearson.md,Takedown,1
2017-02-09-Alelo.md,2017,02,09,Alelo.md,Takedown,1
2017-02-09-CEB.md,2017,02,09,CEB.md,Takedown,1
2017-02-09-EnsageSharp.md,2017,02,09,EnsageSharp.md,Takedown,2
2017-02-09-Loadout.md,2017,02,09,Loadout.md,Takedown,1
2017-02-09-RBoyApps.md,2017,02,09,RBoyApps.md,Takedown,3
2017-02-10-Parvist.md,2017,02,10,Parvist.md,Takedown,1
2017-02-11-ezbot.md,2017,02,11,ezbot.md,Takedown,3
2017-02-13-font.md,2017,02,13,font.md,Takedown,1
2017-02-13-Galleria-2.md,2017,02,13,Galleria-2.md,Takedown,75
2017-02-13-Galleria-3.md,2017,02,13,Galleria-3.md,Takedown,22
2017-02-13-Galleria-4.md,2017,02,13,Galleria-4.md,Takedown,20
2017-02-13-Galleria-5.md,2017,02,13,Galleria-5.md,Takedown,91
2017-02-13-Galleria-6.md,2017,02,13,Galleria-6.md,Takedown,81
2017-02-13-Galleria-7.md,2017,02,13,Galleria-7.md,Takedown,73
2017-02-13-Galleria-9.md,2017,02,13,Galleria-9.md,Takedown,91
2017-02-13-Galleria-10.md,2017,02,13,Galleria-10.md,Takedown,15
2017-02-13-Galleria-11.md,2017,02,13,Galleria-11.md,Takedown,75
2017-02-13-Galleria.md,2017,02,13,Galleria.md,Takedown,86
2017-02-13-HackersGuide.md,2017,02,13,HackersGuide.md,Takedown,1
2017-02-13-Loadout.md,2017,02,13,Loadout.md,Takedown,1
2017-02-13-MineCraft-Huzuni.md,2017,02,13,MineCraft-Huzuni.md,Takedown,3
2017-02-13-OffensiveSecurity.md,2017,02,13,OffensiveSecurity.md,Takedown,1
2017-02-13-ProbabilisticGraphicalModels.md,2017,02,13,ProbabilisticGraphicalModels.md,Takedown,1
2017-02-13-SIAM.md,2017,02,13,SIAM.md,Takedown,1
2017-02-13-UIL.md,2017,02,13,UIL.md,Takedown,1
2017-02-13-Webkul.md,2017,02,13,Webkul.md,Takedown,1
2017-02-14-Pearson.md,2017,02,14,Pearson.md,Takedown,3
2017-02-14-tournamentbot.md,2017,02,14,tournamentbot.md,Takedown,1
2017-02-15-EverBank.md,2017,02,15,EverBank.md,Takedown,1
2017-02-15-Intel.md,2017,02,15,Intel.md,Takedown,1
2017-02-15-StormofSwords.md,2017,02,15,StormofSwords.md,Takedown,1
2017-02-16-Galleria-2-Counternotice.md,2017,02,16,Galleria-2-Counternotice.md,Counter Notice,1
2017-02-17-ezbot-counternotice.md,2017,02,17,ezbot-counternotice.md,Counter Notice,1
2017-02-17-ezbot.md,2017,02,17,ezbot.md,Takedown,1
2017-02-17-HackersGuidetoPython.md,2017,02,17,HackersGuidetoPython.md,Takedown,186
2017-02-17-Ittaim.md,2017,02,17,Ittaim.md,Takedown,25
2017-02-17-Jetbrains.md,2017,02,17,Jetbrains.md,Takedown,22
2017-02-17-tournamentbot.md,2017,02,17,tournamentbot.md,Takedown,1
2017-02-17-wisers.md,2017,02,17,wisers.md,Takedown,1
2017-02-20-OwlGaming.md,2017,02,20,OwlGaming.md,Takedown,1
2017-02-20-Parvist-reversal.md,2017,02,20,Parvist-reversal.md,Retraction,?
2017-02-21-AMCAT.md,2017,02,21,AMCAT.md,Takedown,5
2017-02-21-Delgeo.md,2017,02,21,Delgeo.md,Takedown,1
2017-02-21-Galleria-5-Retraction.md,2017,02,21,Galleria-5-Retraction.md,Retraction,1
2017-02-21-MarkMonitor.md,2017,02,21,MarkMonitor.md,Takedown,1
2017-02-21-ngbook.md,2017,02,21,ngbook.md,Takedown,1
2017-02-22-Accenture.md,2017,02,22,Accenture.md,Takedown,1
2017-02-22-Galleria-6-counternotice.md,2017,02,22,Galleria-6-counternotice.md,Counter Notice,1
2017-02-22-hightopo.md,2017,02,22,hightopo.md,Takedown,1
2017-02-22-SynologyInc.md,2017,02,22,SynologyInc.md,Takedown,1
2017-02-23-Deezer.md,2017,02,23,Deezer.md,Takedown,1
2017-02-23-Elobuddy.md,2017,02,23,Elobuddy.md,Takedown,1
2017-02-23-EpicGames.md,2017,02,23,EpicGames.md,Takedown,1
2017-02-23-Galleria-7-counternotice.md,2017,02,23,Galleria-7-counternotice.md,Counter Notice,1
2017-02-23-Ninjaimg.md,2017,02,23,Ninjaimg.md,Takedown,1
2017-02-23-Shop++.md,2017,02,23,Shop++.md,Takedown,1
2017-02-23-websdk.md,2017,02,23,websdk.md,Takedown,1
2017-02-24-GPUfit.md,2017,02,24,GPUfit.md,Takedown,1
2017-02-24-tournamentbot-counternotice.md,2017,02,24,tournamentbot-counternotice.md,Counter Notice,1
2017-02-25-SyncMe.md,2017,02,25,SyncMe.md,Takedown,1
2017-02-27-Attributor.md,2017,02,27,Attributor.md,Takedown,2
2017-02-27-AutoAvatar.md,2017,02,27,AutoAvatar.md,Takedown,1
2017-02-27-CloudSixteen.md,2017,02,27,CloudSixteen.md,Takedown,1
2017-02-27-CloudSixteen2.md,2017,02,27,CloudSixteen2.md,Takedown,1
2017-02-27-Galleria-6-Retraction.md,2017,02,27,Galleria-6-Retraction.md,Retraction,1
2017-02-27-Galleria-7-Retraction.md,2017,02,27,Galleria-7-Retraction.md,Retraction,1
2017-02-27-Kensington.md,2017,02,27,Kensington.md,Takedown,1
2017-02-27-Mobiscroll.md,2017,02,27,Mobiscroll.md,Takedown,5
2017-02-27-MusixMatch.md,2017,02,27,MusixMatch.md,Takedown,1
2017-02-27-PacktPublishing.md,2017,02,27,PacktPublishing.md,Takedown,1
2017-02-27-Pearson.md,2017,02,27,Pearson.md,Takedown,2
2017-02-27-Petrolink.md,2017,02,27,Petrolink.md,Takedown,1
2017-02-27-websdk.md,2017,02,27,websdk.md,Takedown,1
2017-02-28-BeoStore.md,2017,02,28,BeoStore.md,Takedown,2
2017-02-28-Cengage.md,2017,02,28,Cengage.md,Takedown,5
2017-02-28-GitKraken.md,2017,02,28,GitKraken.md,Takedown,1
2017-02-28-NabEnterprises.md,2017,02,28,NabEnterprises.md,Takedown,1
2017-02-28-SiliconLabs.md,2017,02,28,SiliconLabs.md,Takedown,1
2017-02-28-Stereoarts.md,2017,02,28,Stereoarts.md,Takedown,1
2017-02-28-UniversityGeorgia.md,2017,02,28,UniversityGeorgia.md,Takedown,1
2017-03-01-Appriss.md,2017,03,01,Appriss.md,Takedown,1
2017-03-01-Galleria-2-Retraction.md,2017,03,01,Galleria-2-Retraction.md,Retraction,75
2017-03-01-Galleria-3-Retraction.md,2017,03,01,Galleria-3-Retraction.md,Retraction,22
2017-03-01-Galleria-4-Retraction.md,2017,03,01,Galleria-4-Retraction.md,Retraction,21
2017-03-01-Galleria-5-Retraction.md,2017,03,01,Galleria-5-Retraction.md,Retraction,91
2017-03-01-Galleria-6-Retraction.md,2017,03,01,Galleria-6-Retraction.md,Retraction,81
2017-03-01-Galleria-7-Retraction.md,2017,03,01,Galleria-7-Retraction.md,Retraction,73
2017-03-01-Galleria-9-Retraction.md,2017,03,01,Galleria-9-Retraction.md,Retraction,91
2017-03-01-Galleria-10-Retraction.md,2017,03,01,Galleria-10-Retraction.md,Retraction,15
2017-03-01-Galleria-11-Retraction.md,2017,03,01,Galleria-11-Retraction.md,Retraction,75
2017-03-01-Galleria-Retraction.md,2017,03,01,Galleria-Retraction.md,Retraction,86
2017-03-01-IEMLS.md,2017,03,01,IEMLS.md,Takedown,1
2017-03-01-Nucleo.md,2017,03,01,Nucleo.md,Takedown,1
2017-03-01-Stereoarts.md,2017,03,01,Stereoarts.md,Takedown,1
2017-03-02-Maps.md,2017,03,02,Maps.md,Takedown,1
2017-03-02-ocajavaguide.md,2017,03,02,ocajavaguide.md,Takedown,14
2017-03-02-Oracle-Certified.md,2017,03,02,Oracle-Certified.md,Takedown,11
2017-03-02-ParcelPerform.md,2017,03,02,ParcelPerform.md,Takedown,1
2017-03-02-SiliconLabs.md,2017,03,02,SiliconLabs.md,Takedown,1
2017-03-02-Ucenter.md,2017,03,02,Ucenter.md,Takedown,2
2017-03-03-Ambarella.md,2017,03,03,Ambarella.md,Takedown,12
2017-03-03-Dungeon-Realms.md,2017,03,03,Dungeon-Realms.md,Takedown,1
2017-03-03-Elysium.md,2017,03,03,Elysium.md,Takedown,1
2017-03-06-123Landlord.md,2017,03,06,123Landlord.md,Takedown,1
2017-03-06-IconFinder.md,2017,03,06,IconFinder.md,Takedown,1
2017-03-06-IWD.md,2017,03,06,IWD.md,Takedown,1
2017-03-06-MT4Manager.md,2017,03,06,MT4Manager.md,Takedown,1
2017-03-06-NNG.md,2017,03,06,NNG.md,Takedown,5
2017-03-06-Petrolink.md,2017,03,06,Petrolink.md,Takedown,1
2017-03-06-Pluralsight.md,2017,03,06,Pluralsight.md,Takedown,4
2017-03-06-PrivateBlog.md,2017,03,06,PrivateBlog.md,Takedown,1
2017-03-06-RhythmTool.md,2017,03,06,RhythmTool.md,Takedown,1
2017-03-06-SiliconLabs.md,2017,03,06,SiliconLabs.md,Takedown,1
2017-03-07-Cengage.md,2017,03,07,Cengage.md,Takedown,4
2017-03-07-PDGSolutions.md,2017,03,07,PDGSolutions.md,Takedown,1
2017-03-07-Pearson.md,2017,03,07,Pearson.md,Takedown,3
2017-03-07-Petrolink.md,2017,03,07,Petrolink.md,Takedown,1
2017-03-08-Apple.md,2017,03,08,Apple.md,Takedown,1
2017-03-08-Clojure.md,2017,03,08,Clojure.md,Takedown,1
2017-03-08-DecisionFlex.md,2017,03,08,DecisionFlex.md,Takedown,1
2017-03-08-ML4T.md,2017,03,08,ML4T.md,Takedown,2
2017-03-09-EloBuddy.md,2017,03,09,EloBuddy.md,Takedown,1
2017-03-09-Metaquotes.md,2017,03,09,Metaquotes.md,Takedown,18
2017-03-09-pokiimap.md,2017,03,09,pokiimap.md,Takedown,1
2017-03-13-Aviva.md,2017,03,13,Aviva.md,Takedown,1
2017-03-13-WPBakery.md,2017,03,13,WPBakery.md,Takedown,1
2017-03-14-ImagicalMine.md,2017,03,14,ImagicalMine.md,Takedown,5
2017-03-14-Kodi.md,2017,03,14,Kodi.md,Takedown,1
2017-03-14-Mail.md,2017,03,14,Mail.md,Takedown,1
2017-03-14-NoStarch.md,2017,03,14,NoStarch.md,Takedown,1
2017-03-15-Foothill.md,2017,03,15,Foothill.md,Takedown,1
2017-03-15-JohnWiley&Sons.md,2017,03,15,JohnWiley&Sons.md,Takedown,1
2017-03-16-Aniplex.md,2017,03,16,Aniplex.md,Takedown,1
2017-03-16-Dolby.md,2017,03,16,Dolby.md,Takedown,3
2017-03-20-HackersGuide.md,2017,03,20,HackersGuide.md,Takedown,1
2017-03-20-Huzuni.md,2017,03,20,Huzuni.md,Takedown,1
2017-03-20-ResidentFoundry.md,2017,03,20,ResidentFoundry.md,Takedown,1
2017-03-21-Challenger.md,2017,03,21,Challenger.md,Takedown,1
2017-03-21-Frontendmasters.md,2017,03,21,Frontendmasters.md,Takedown,1
2017-03-22-Codility.md,2017,03,22,Codility.md,Takedown,3
2017-03-22-esteve.md,2017,03,22,esteve.md,Takedown,1
2017-03-22-Frontendmasters-Retraction.md,2017,03,22,Frontendmasters-Retraction.md,Retraction,1
2017-03-22-Huzuni-Counter-notice.md,2017,03,22,Huzuni-Counter-notice.md,Counter Notice,1
2017-03-22-Taiba.md,2017,03,22,Taiba.md,Takedown,2
2017-03-22-THGTP.md,2017,03,22,THGTP.md,Takedown,3
2017-03-23-UCS.md,2017,03,23,UCS.md,Takedown,2
2017-03-23-Waitrose.md,2017,03,23,Waitrose.md,Takedown,1
2017-03-24-Ensage-Counter-notice.md,2017,03,24,Ensage-Counter-notice.md,Counter Notice,1
2017-03-24-Waitrose-CounterNotice.md,2017,03,24,Waitrose-CounterNotice.md,Counter Notice,1
2017-03-27-Kensington.md,2017,03,27,Kensington.md,Takedown,1
2017-03-27-Mobiscroll.md,2017,03,27,Mobiscroll.md,Takedown,10
2017-03-27-NoStarchPress.md,2017,03,27,NoStarchPress.md,Takedown,11
2017-03-27-Stereoarts.md,2017,03,27,Stereoarts.md,Takedown,1
2017-03-28-Contrast.md,2017,03,28,Contrast.md,Takedown,1
2017-03-28-FUNimation-2.md,2017,03,28,FUNimation-2.md,Takedown,1
2017-03-28-FUNimation.md,2017,03,28,FUNimation.md,Takedown,1
2017-03-28-MXInternational.md,2017,03,28,MXInternational.md,Takedown,1
2017-03-28-Plantain.md,2017,03,28,Plantain.md,Takedown,19
2017-03-28-Shop++.md,2017,03,28,Shop++.md,Takedown,1
2017-03-29-24nME.md,2017,03,29,24nME.md,Takedown,1
2017-03-29-Chegg.md,2017,03,29,Chegg.md,Takedown,1
2017-03-29-Jetbrains-2.md,2017,03,29,Jetbrains-2.md,Takedown,3
2017-03-29-Jetbrains.md,2017,03,29,Jetbrains.md,Takedown,100
2017-03-30-CorgiEngine.md,2017,03,30,CorgiEngine.md,Takedown,2
2017-03-30-Dolby-2.md,2017,03,30,Dolby-2.md,Takedown,30
2017-03-30-Dolby-3.md,2017,03,30,Dolby-3.md,Takedown,30
2017-03-30-Dolby.md,2017,03,30,Dolby.md,Takedown,30
2017-03-30-Mobiscroll.md,2017,03,30,Mobiscroll.md,Takedown,4
2017-03-30-Stereoarts.md,2017,03,30,Stereoarts.md,Takedown,1
2017-03-30-Unity.md,2017,03,30,Unity.md,Takedown,1
2017-03-31-Flare3d.md,2017,03,31,Flare3d.md,Takedown,1
2017-04-03-Altis.md,2017,04,03,Altis.md,Takedown,1
2017-04-03-Dataiku.md,2017,04,03,Dataiku.md,Takedown,1
2017-04-03-Dolby.md,2017,04,03,Dolby.md,Takedown,23
2017-04-03-FBEventsCalendar.md,2017,04,03,FBEventsCalendar.md,Takedown,1
2017-04-03-GunLicenses.md,2017,04,03,GunLicenses.md,Takedown,1
2017-04-03-OSPrinciples.md,2017,04,03,OSPrinciples.md,Takedown,49
2017-04-03-SansCyrillic.md,2017,04,03,SansCyrillic.md,Takedown,1
2017-04-03-Test1.md,2017,04,03,Test1.md,Takedown,2
2017-04-04-ChromeCheats.md,2017,04,04,ChromeCheats.md,Takedown,1
2017-04-04-OReilly.md,2017,04,04,OReilly.md,Takedown,2
2017-04-04-ScriptEnforcer.md,2017,04,04,ScriptEnforcer.md,Takedown,6
2017-04-04-Zalando.md,2017,04,04,Zalando.md,Takedown,1
2017-04-05-Asone.md,2017,04,05,Asone.md,Takedown,1
2017-04-05-HachetteLivre.md,2017,04,05,HachetteLivre.md,Takedown,1
2017-04-05-Qumpara.md,2017,04,05,Qumpara.md,Takedown,1
2017-04-05-Stereoarts-1.md,2017,04,05,Stereoarts-1.md,Takedown,1
2017-04-05-Stereoarts.md,2017,04,05,Stereoarts.md,Takedown,1
2017-04-06-DK-US.md,2017,04,06,DK-US.md,Takedown,1
2017-04-06-HarperCollins.md,2017,04,06,HarperCollins.md,Takedown,1
2017-04-06-HarvardBusinessPublishing.md,2017,04,06,HarvardBusinessPublishing.md,Takedown,1
2017-04-06-IonCube.md,2017,04,06,IonCube.md,Takedown,1
2017-04-06-RocketRegions.md,2017,04,06,RocketRegions.md,Takedown,1
2017-04-06-Zalando.md,2017,04,06,Zalando.md,Takedown,1
2017-04-07-FitnessApp.md,2017,04,07,FitnessApp.md,Takedown,1
2017-04-07-FoneticSolutions.md,2017,04,07,FoneticSolutions.md,Takedown,1
2017-04-07-Unity.md,2017,04,07,Unity.md,Takedown,24
2017-04-10-Apple.md,2017,04,10,Apple.md,Takedown,4
2017-04-10-Jobider.md,2017,04,10,Jobider.md,Takedown,1
2017-04-10-Pearson.md,2017,04,10,Pearson.md,Takedown,1
2017-04-10-PerseusBooks.md,2017,04,10,PerseusBooks.md,Takedown,1
2017-04-10-ResponsiveCharts.md,2017,04,10,ResponsiveCharts.md,Takedown,1
2017-04-10-Vector.md,2017,04,10,Vector.md,Takedown,1
2017-04-11-ContentAnalytics.md,2017,04,11,ContentAnalytics.md,Takedown,1
2017-04-11-WGU.md,2017,04,11,WGU.md,Takedown,1
2017-04-12-ContentAnalytics.md,2017,04,12,ContentAnalytics.md,Takedown,2
2017-04-12-Snapchat.md,2017,04,12,Snapchat.md,Takedown,1
2017-04-12-TheGrid.md,2017,04,12,TheGrid.md,Takedown,1
2017-04-13-BasemarkCL.md,2017,04,13,BasemarkCL.md,Takedown,1
2017-04-13-Patreon.md,2017,04,13,Patreon.md,Takedown,2
2017-04-13-TrueConf.md,2017,04,13,TrueConf.md,Takedown,1
2017-04-13-WifiJammer.md,2017,04,13,WifiJammer.md,Takedown,1
2017-04-17-Ambarella.md,2017,04,17,Ambarella.md,Takedown,8
2017-04-17-OReilly.md,2017,04,17,OReilly.md,Takedown,7
2017-04-18-Arcade.md,2017,04,18,Arcade.md,Takedown,1
2017-04-18-EnderPearlCoolDown.md,2017,04,18,EnderPearlCoolDown.md,Takedown,1
2017-04-18-Penguin-2.md,2017,04,18,Penguin-2.md,Takedown,1
2017-04-18-Penguin.md,2017,04,18,Penguin.md,Takedown,1
2017-04-18-SFMono.md,2017,04,18,SFMono.md,Takedown,4
2017-04-19-Ambarella.md,2017,04,19,Ambarella.md,Takedown,9
2017-04-19-LittleFlocker.md,2017,04,19,LittleFlocker.md,Takedown,2
2017-04-19-Mobiscroll.md,2017,04,19,Mobiscroll.md,Takedown,4
2017-04-21-Camtasia.md,2017,04,21,Camtasia.md,Takedown,1
2017-04-21-playfig.md,2017,04,21,playfig.md,Takedown,3
2017-04-24-PacktPublishing.md,2017,04,24,PacktPublishing.md,Takedown,1
2017-04-24-Pearson.md,2017,04,24,Pearson.md,Takedown,10
2017-04-24-Stereoarts.md,2017,04,24,Stereoarts.md,Takedown,1
2017-04-25-DigitalWorx-2.md,2017,04,25,DigitalWorx-2.md,Takedown,1
2017-04-25-DigitalWorx.md,2017,04,25,DigitalWorx.md,,Duplicate
2017-04-25-Mobiscroll.md,2017,04,25,Mobiscroll.md,Takedown,2
2017-04-25-ProjectM.md,2017,04,25,ProjectM.md,Takedown,1
2017-04-25-RBoy.md,2017,04,25,RBoy.md,Takedown,1
2017-04-25-Requiem.md,2017,04,25,Requiem.md,Takedown,3
2017-04-25-Shop++.md,2017,04,25,Shop++.md,Takedown,1
2017-04-25-webshop.md,2017,04,25,webshop.md,Takedown,1
2017-04-26-Cengage.md,2017,04,26,Cengage.md,Takedown,2
2017-04-26-flysystem.md,2017,04,26,flysystem.md,Takedown,1
2017-04-26-IEEE.md,2017,04,26,IEEE.md,Takedown,1
2017-04-26-Mailwizz-1.md,2017,04,26,Mailwizz-1.md,Takedown,1
2017-04-26-Mailwizz.md,2017,04,26,Mailwizz.md,Takedown,1
2017-04-26-PulsarEffect.md,2017,04,26,PulsarEffect.md,Takedown,1
2017-04-26-RemoteCodeKernel.md,2017,04,26,RemoteCodeKernel.md,Takedown,3
2017-04-26-TechnoRides.md,2017,04,26,TechnoRides.md,Takedown,1
2017-04-27-Cengage.md,2017,04,27,Cengage.md,Takedown,1
2017-04-27-mintedbaby.md,2017,04,27,mintedbaby.md,Takedown,1
2017-04-27-Socialstrap.md,2017,04,27,Socialstrap.md,Takedown,1
2017-04-27-StereoArts.md,2017,04,27,StereoArts.md,Takedown,1
2017-04-28-Bootkit.md,2017,04,28,Bootkit.md,Takedown,1
2017-04-28-FedenaPro.md,2017,04,28,FedenaPro.md,Takedown,1
2017-04-28-Requiem.md,2017,04,28,Requiem.md,Takedown,3
2017-05-01-Docketmate.md,2017,05,01,Docketmate.md,Takedown,1
2017-05-01-HuffingtonPost.md,2017,05,01,HuffingtonPost.md,Takedown,1
2017-05-02-BuildingMobileApps.md,2017,05,02,BuildingMobileApps.md,Takedown,1
2017-05-02-GatherOnline.md,2017,05,02,GatherOnline.md,Takedown,1
2017-05-02-Hostbill.md,2017,05,02,Hostbill.md,Takedown,1
2017-05-02-HoughtonMifflin.md,2017,05,02,HoughtonMifflin.md,Takedown,1
2017-05-02-OxfordUniversityPress.md,2017,05,02,OxfordUniversityPress.md,Takedown,1
2017-05-02-RandomHouse.md,2017,05,02,RandomHouse.md,Takedown,1
2017-05-03-Personagraph.md,2017,05,03,Personagraph.md,Takedown,1
2017-05-03-PulsarEffect-counternotice.md,2017,05,03,PulsarEffect-counternotice.md,Counter Notice,1
2017-05-04-BTP.md,2017,05,04,BTP.md,Takedown,1
2017-05-04-CCVA.md,2017,05,04,CCVA.md,Takedown,1
2017-05-04-Cengage.md,2017,05,04,Cengage.md,Takedown,3
2017-05-04-FantasyFlight.md,2017,05,04,FantasyFlight.md,Takedown,1
2017-05-04-Flynax.md,2017,05,04,Flynax.md,Takedown,1
2017-05-04-HanLP.md,2017,05,04,HanLP.md,Takedown,1
2017-05-04-HashC.md,2017,05,04,HashC.md,Takedown,1
2017-05-04-Pearson.md,2017,05,04,Pearson.md,Takedown,4
2017-05-04-StereoArts-2.md,2017,05,04,StereoArts-2.md,Takedown,1
2017-05-04-StereoArts.md,2017,05,04,StereoArts.md,Takedown,1
2017-05-06-enbac.md,2017,05,06,enbac.md,Takedown,1
2017-05-08-Cengage.md,2017,05,08,Cengage.md,Takedown,2
2017-05-08-emoji-picker.md,2017,05,08,emoji-picker.md,Takedown,1
2017-05-09-Attributor.md,2017,05,09,Attributor.md,Takedown,1
2017-05-09-DiscordSelfbot.md,2017,05,09,DiscordSelfbot.md,Takedown,1
2017-05-09-DKUK.md,2017,05,09,DKUK.md,Takedown,3
2017-05-09-Pearson.md,2017,05,09,Pearson.md,Takedown,1
2017-05-09-RandomHouse.md,2017,05,09,RandomHouse.md,Takedown,1
2017-05-09-RTOS.md,2017,05,09,RTOS.md,Takedown,1
2017-05-10-emoji-picker.md,2017,05,10,emoji-picker.md,Takedown,1
2017-05-10-HelloFresh.md,2017,05,10,HelloFresh.md,Takedown,2
2017-05-10-Jetbrains.md,2017,05,10,Jetbrains.md,Takedown,117
2017-05-10-PermaWeapons.md,2017,05,10,PermaWeapons.md,Takedown,1
2017-05-11-Attributor-2.md,2017,05,11,Attributor-2.md,Takedown,1
2017-05-11-Attributor.md,2017,05,11,Attributor.md,Takedown,1
2017-05-11-Jiufu.md,2017,05,11,Jiufu.md,Takedown,1
2017-05-11-Mobiscroll.md,2017,05,11,Mobiscroll.md,Takedown,2
2017-05-11-NCL.md,2017,05,11,NCL.md,Takedown,1
2017-05-11-UniversityofWaterloo.md,2017,05,11,UniversityofWaterloo.md,Takedown,1
2017-05-15-AHUD.md,2017,05,15,AHUD.md,Takedown,1
2017-05-15-Amdocs.md,2017,05,15,Amdocs.md,Takedown,1
2017-05-15-BurpSuite.md,2017,05,15,BurpSuite.md,Takedown,1
2017-05-15-Jiufu.md,2017,05,15,Jiufu.md,Takedown,1
2017-05-15-Koodimasin.md,2017,05,15,Koodimasin.md,Takedown,1
2017-05-15-Magento2.md,2017,05,15,Magento2.md,Takedown,1
2017-05-15-ManyTutors.md,2017,05,15,ManyTutors.md,Takedown,1
2017-05-15-Pearson.md,2017,05,15,Pearson.md,Takedown,3
2017-05-15-Penguin-2.md,2017,05,15,Penguin-2.md,Takedown,1
2017-05-15-Penguin.md,2017,05,15,Penguin.md,Takedown,1
2017-05-15-Stereoarts.md,2017,05,15,Stereoarts.md,Takedown,1
2017-05-15-TBN-Plex.md,2017,05,15,TBN-Plex.md,Takedown,2
2017-05-15-TemplateMonster.md,2017,05,15,TemplateMonster.md,Takedown,1
2017-05-16-Oxford.md,2017,05,16,Oxford.md,Takedown,1
2017-05-16-Panic.md,2017,05,16,Panic.md,Takedown,1
2017-05-16-Penguin.md,2017,05,16,Penguin.md,Takedown,1
2017-05-16-Platzi.md,2017,05,16,Platzi.md,Takedown,1
2017-05-16-Random-House-2.md,2017,05,16,Random-House-2.md,Takedown,1
2017-05-16-Random-House-3.md,2017,05,16,Random-House-3.md,Takedown,1
2017-05-16-Random-House-4.md,2017,05,16,Random-House-4.md,Takedown,1
2017-05-16-Random-House.md,2017,05,16,Random-House.md,Takedown,2
2017-05-16-WarLight.md,2017,05,16,WarLight.md,Takedown,1
2017-05-17-CalorieCloud.md,2017,05,17,CalorieCloud.md,Takedown,1
2017-05-17-jhhb-mathtype.md,2017,05,17,jhhb-mathtype.md,Takedown,1
2017-05-17-Oxford.md,2017,05,17,Oxford.md,Takedown,1
2017-05-17-TBN-Plex-Counternotice-2.md,2017,05,17,TBN-Plex-Counternotice-2.md,Counter Notice,1
2017-05-17-TBN-Plex-Counternotice.md,2017,05,17,TBN-Plex-Counternotice.md,Counter Notice,1
2017-05-17-Touchcloud.md,2017,05,17,Touchcloud.md,Takedown,1
2017-05-18-DeeperSystems.md,2017,05,18,DeeperSystems.md,Takedown,1
2017-05-18-GeorgiaTech.md,2017,05,18,GeorgiaTech.md,Takedown,1
2017-05-18-Nette.md,2017,05,18,Nette.md,Takedown,1
2017-05-19-amocrm.md,2017,05,19,amocrm.md,Takedown,1
2017-05-19-BeyondYoga.md,2017,05,19,BeyondYoga.md,Takedown,2
2017-05-19-Hangzhou-DPTech.md,2017,05,19,Hangzhou-DPTech.md,Takedown,4
2017-05-19-ShopWeb.md,2017,05,19,ShopWeb.md,Takedown,1
2017-05-19-Zoomtivity.md,2017,05,19,Zoomtivity.md,Takedown,1
2017-05-22-Attributor.md,2017,05,22,Attributor.md,Takedown,5
2017-05-22-Cengage.md,2017,05,22,Cengage.md,Takedown,1
2017-05-22-ChengduPinguoTechCo.md,2017,05,22,ChengduPinguoTechCo.md,Takedown,2
2017-05-22-DKUK.md,2017,05,22,DKUK.md,Takedown,1
2017-05-22-NPOArai.md,2017,05,22,NPOArai.md,Takedown,1
2017-05-22-PacktPub.md,2017,05,22,PacktPub.md,Takedown,1
2017-05-22-PenguinUK.md,2017,05,22,PenguinUK.md,Takedown,1
2017-05-22-RandomHouseUK.md,2017,05,22,RandomHouseUK.md,Takedown,1
2017-05-22-WarLight-Counternotice.md,2017,05,22,WarLight-Counternotice.md,Counter Notice,1
2017-05-22-WellsFargo.md,2017,05,22,WellsFargo.md,Takedown,1
2017-05-23-ABP.md,2017,05,23,ABP.md,Takedown,9
2017-05-23-Jetbrains-2.md,2017,05,23,Jetbrains-2.md,Takedown,33
2017-05-23-Jetbrains.md,2017,05,23,Jetbrains.md,Takedown,60
2017-05-23-LendingClub.md,2017,05,23,LendingClub.md,Takedown,1
2017-05-23-Pearson.md,2017,05,23,Pearson.md,Takedown,1
2017-05-23-QXWZ.md,2017,05,23,QXWZ.md,Takedown,1
2017-05-24-Attributor.md,2017,05,24,Attributor.md,Takedown,2
2017-05-25-MicrosoftWindows.md,2017,05,25,MicrosoftWindows.md,Takedown,1
2017-05-25-MSWindows.md,2017,05,25,MSWindows.md,Takedown,1
2017-05-25-Penguin.md,2017,05,25,Penguin.md,Takedown,1
2017-05-25-Pinnect.md,2017,05,25,Pinnect.md,Takedown,1
2017-05-25-Wipro.md,2017,05,25,Wipro.md,Takedown,1
2017-05-28-FreeRoam.md,2017,05,28,FreeRoam.md,Takedown,1
2017-05-28-Unity.md,2017,05,28,Unity.md,Takedown,1
2017-05-29-amocrm-Counternotice.md,2017,05,29,amocrm-Counternotice.md,Counter Notice,1
2017-05-29-Attributor-2.md,2017,05,29,Attributor-2.md,Takedown,1
2017-05-29-Attributor.md,2017,05,29,Attributor.md,Takedown,4
2017-05-29-Minecraft.md,2017,05,29,Minecraft.md,Takedown,1
2017-05-29-Oxford.md,2017,05,29,Oxford.md,Takedown,1
2017-05-29-Penguin.md,2017,05,29,Penguin.md,Takedown,1
2017-05-29-VDM.md,2017,05,29,VDM.md,Takedown,1
2017-05-29-WellsFargo.md,2017,05,29,WellsFargo.md,Takedown,1
2017-05-29-Wipro.md,2017,05,29,Wipro.md,Takedown,2
2017-05-30-Attributor.md,2017,05,30,Attributor.md,Takedown,3
2017-05-30-Cengage.md,2017,05,30,Cengage.md,Takedown,1
2017-05-30-Pearson.md,2017,05,30,Pearson.md,Takedown,1
2017-05-30-Penguin.md,2017,05,30,Penguin.md,Takedown,1
2017-05-30-Random-House.md,2017,05,30,Random-House.md,Takedown,2
2017-05-31-Attributor.md,2017,05,31,Attributor.md,Takedown,1
2017-05-31-Brandscopic.md,2017,05,31,Brandscopic.md,Takedown,2
2017-05-31-PyPod.md,2017,05,31,PyPod.md,Takedown,1
2017-06-01-hyper.md,2017,06,01,hyper.md,Takedown,1
2017-06-02-Chachani.md,2017,06,02,Chachani.md,Takedown,4
2017-06-02-MiBandTools.md,2017,06,02,MiBandTools.md,Takedown,1
2017-06-05-Borderless-Gaming.md,2017,06,05,Borderless-Gaming.md,Takedown,1
2017-06-05-Cengage.md,2017,06,05,Cengage.md,Takedown,1
2017-06-05-GL-Wand.md,2017,06,05,GL-Wand.md,Takedown,1
2017-06-05-lambda-responsive.md,2017,06,05,lambda-responsive.md,Takedown,1
2017-06-05-Minecraft.md,2017,06,05,Minecraft.md,Takedown,1
2017-06-05-Nyra.md,2017,06,05,Nyra.md,Takedown,1
2017-06-05-Penguin-RandomHouse.md,2017,06,05,Penguin-RandomHouse.md,Takedown,1
2017-06-05-RandomHouse.md,2017,06,05,RandomHouse.md,Takedown,1
2017-06-05-Wipro.md,2017,06,05,Wipro.md,Takedown,1
2017-06-07-emoji-picker.md,2017,06,07,emoji-picker.md,Takedown,1
2017-06-07-Odoo.md,2017,06,07,Odoo.md,Takedown,1
2017-06-07-ParadoxLabs.md,2017,06,07,ParadoxLabs.md,Takedown,1
2017-06-07-yCopp.md,2017,06,07,yCopp.md,Takedown,1
2017-06-08-Borderless-Gaming-Retraction.md,2017,06,08,Borderless-Gaming-Retraction.md,Retraction,1
2017-06-08-BurpSuite.md,2017,06,08,BurpSuite.md,Takedown,1
2017-06-08-libtachograph.md,2017,06,08,libtachograph.md,Takedown,1
2017-06-08-Pearson.md,2017,06,08,Pearson.md,Takedown,1
2017-06-08-Random-House.md,2017,06,08,Random-House.md,Takedown,1
2017-06-09-Chachani.md,2017,06,09,Chachani.md,Takedown,11
2017-06-09-Mobiscroll.md,2017,06,09,Mobiscroll.md,Takedown,6
2017-06-09-Packt.md,2017,06,09,Packt.md,Takedown,1
2017-06-09-TI.md,2017,06,09,TI.md,Takedown,1
2017-06-12-Chachani-counternotice.md,2017,06,12,Chachani-counternotice.md,Counter Notice,1
2017-06-12-EssentialModeBase.md,2017,06,12,EssentialModeBase.md,Takedown,1
2017-06-12-RandomHouseUK.md,2017,06,12,RandomHouseUK.md,Takedown,1
2017-06-13-ClashOfClans.md,2017,06,13,ClashOfClans.md,Takedown,1
2017-06-13-OSU.md,2017,06,13,OSU.md,Takedown,1
2017-06-13-PixelMagic.md,2017,06,13,PixelMagic.md,Takedown,4
2017-06-13-Stereoarts.md,2017,06,13,Stereoarts.md,Takedown,1
2017-06-13-StraightNorth.md,2017,06,13,StraightNorth.md,Takedown,1
2017-06-13-Wraith.md,2017,06,13,Wraith.md,Takedown,1
2017-06-13-yCopp.md,2017,06,13,yCopp.md,Takedown,3
2017-06-14-Mobiscroll.md,2017,06,14,Mobiscroll.md,Takedown,3
2017-06-14-Mojang.md,2017,06,14,Mojang.md,Takedown,2
2017-06-14-Penguin.md,2017,06,14,Penguin.md,Takedown,1
2017-06-14-SteamCardBot.md,2017,06,14,SteamCardBot.md,Takedown,1
2017-06-14-Xperi.md,2017,06,14,Xperi.md,Takedown,75
2017-06-15-Adobe.md,2017,06,15,Adobe.md,Takedown,1
2017-06-15-CCP.md,2017,06,15,CCP.md,Takedown,1
2017-06-15-Jetbrains.md,2017,06,15,Jetbrains.md,Takedown,17
2017-06-15-Microsoft.md,2017,06,15,Microsoft.md,Takedown,2
2017-06-15-MJFreeway.md,2017,06,15,MJFreeway.md,Takedown,1
2017-06-15-Penguin.md,2017,06,15,Penguin.md,Takedown,1
2017-06-15-RandomHouse.md,2017,06,15,RandomHouse.md,Takedown,1
2017-06-16-Attributor.md,2017,06,16,Attributor.md,Takedown,4
2017-06-16-Citigroup.md,2017,06,16,Citigroup.md,Takedown,1
2017-06-16-Flask.md,2017,06,16,Flask.md,Takedown,23
2017-06-16-RandomHouse.md,2017,06,16,RandomHouse.md,Takedown,1
2017-06-16-Runelite.md,2017,06,16,Runelite.md,Takedown,2
2017-06-16-Stereoarts.md,2017,06,16,Stereoarts.md,Takedown,1
2017-06-19-BurpSuite.md,2017,06,19,BurpSuite.md,Takedown,33
2017-06-19-Cengage.md,2017,06,19,Cengage.md,Takedown,1
2017-06-19-CrooklynClan.md,2017,06,19,CrooklynClan.md,Takedown,1
2017-06-19-DoubleJump.md,2017,06,19,DoubleJump.md,Takedown,1
2017-06-19-NihonAdSystems.md,2017,06,19,NihonAdSystems.md,Takedown,1
2017-06-19-Pearson.md,2017,06,19,Pearson.md,Takedown,2
2017-06-19-Penguin-Random-House.md,2017,06,19,Penguin-Random-House.md,Takedown,1
2017-06-19-Pragmatic-Programmers.md,2017,06,19,Pragmatic-Programmers.md,Takedown,2
2017-06-19-ProUI.md,2017,06,19,ProUI.md,Takedown,1
2017-06-19-SiamBooks.md,2017,06,19,SiamBooks.md,Takedown,1
2017-06-20-AIAA.md,2017,06,20,AIAA.md,Takedown,1
2017-06-20-Asurion-1.md,2017,06,20,Asurion-1.md,Takedown,1
2017-06-20-Asurion.md,2017,06,20,Asurion.md,,Duplicate
2017-06-20-MiBandTools-Counter-Notice.md,2017,06,20,MiBandTools-Counter-Notice.md,Counter Notice,1
2017-06-20-Recon-Dog.md,2017,06,20,Recon-Dog.md,Takedown,1
2017-06-20-Stereoarts-2.md,2017,06,20,Stereoarts-2.md,Takedown,1
2017-06-20-Stereoarts.md,2017,06,20,Stereoarts.md,Takedown,1
2017-06-21-ProUI-2.md,2017,06,21,ProUI-2.md,Takedown,1
2017-06-21-ProUI.md,2017,06,21,ProUI.md,Takedown,1
2017-06-21-RandomHouse.md,2017,06,21,RandomHouse.md,Takedown,1
2017-06-21-RandomHouse2.md,2017,06,21,RandomHouse2.md,,Duplicate
2017-06-21-RandomHouseUK.md,2017,06,21,RandomHouseUK.md,Takedown,1
2017-06-22-Nintendo.md,2017,06,22,Nintendo.md,Takedown,1
2017-06-22-Ostep.md,2017,06,22,Ostep.md,Takedown,1
2017-06-22-Ragnarok.md,2017,06,22,Ragnarok.md,Takedown,1
2017-06-23-CreativeHub.md,2017,06,23,CreativeHub.md,Takedown,1
2017-06-23-Jetbrains.md,2017,06,23,Jetbrains.md,Takedown,8
2017-06-23-Kiss.md,2017,06,23,Kiss.md,Takedown,1
2017-06-23-KLdotcom.md,2017,06,23,KLdotcom.md,Takedown,1
2017-06-23-Shanghai Haihuan.md,2017,06,23,Shanghai Haihuan.md,Takedown,3
2017-06-23-Tweeter.md,2017,06,23,Tweeter.md,Takedown,2
2017-06-26-Aporia.md,2017,06,26,Aporia.md,Takedown,1
2017-06-26-Article.md,2017,06,26,Article.md,Takedown,?
2017-06-26-BOA.md,2017,06,26,BOA.md,Takedown,1
2017-06-26-Bonnier.md,2017,06,26,Bonnier.md,Takedown,2
2017-06-26-NihonAdSystems-2.md,2017,06,26,NihonAdSystems-2.md,Takedown,1
2017-06-26-NihonAdSystems-3.md,2017,06,26,NihonAdSystems-3.md,Takedown,1
2017-06-26-NihonAdSystems-4.md,2017,06,26,NihonAdSystems-4.md,Takedown,1
2017-06-26-NihonAdSystems-5.md,2017,06,26,NihonAdSystems-5.md,Takedown,1
2017-06-26-NihonAdSystems.md,2017,06,26,NihonAdSystems.md,,Duplicate
2017-06-26-Penguin-UK.md,2017,06,26,Penguin-UK.md,Takedown,1
2017-06-26-Random-House.md,2017,06,26,Random-House.md,Takedown,1
2017-06-26-Springer.md,2017,06,26,Springer.md,Takedown,1
2017-06-26-Wipro.md,2017,06,26,Wipro.md,Takedown,2
2017-06-27-Clover.md,2017,06,27,Clover.md,Takedown,1
2017-06-27-Jadoo-eMedia.md,2017,06,27,Jadoo-eMedia.md,Takedown,1
2017-06-27-Mobiscroll.md,2017,06,27,Mobiscroll.md,Takedown,4
2017-06-27-Tchudov.md,2017,06,27,Tchudov.md,Takedown,1
2017-06-28-Autodesk.md,2017,06,28,Autodesk.md,Takedown,1
2017-06-28-DK-US.md,2017,06,28,DK-US.md,Takedown,2
2017-06-28-Nokia.md,2017,06,28,Nokia.md,Takedown,1
2017-06-28-Random-House-UK.md,2017,06,28,Random-House-UK.md,Takedown,2
2017-06-28-Random-House.md,2017,06,28,Random-House.md,Takedown,1
2017-06-28-StereoArts.md,2017,06,28,StereoArts.md,Takedown,1
2017-06-28-Whatevernote.md,2017,06,28,Whatevernote.md,Takedown,1
2017-06-29-RandomHouse-4.md,2017,06,29,RandomHouse-4.md,Takedown,1
2017-06-29-RandomHouseUK.md,2017,06,29,RandomHouseUK.md,Takedown,1
2017-06-29-RandomHouseUK2.md,2017,06,29,RandomHouseUK2.md,Takedown,2
2017-06-29-RandomHouseUK3.md,2017,06,29,RandomHouseUK3.md,Takedown,3
2017-06-29-ReedElsevier.md,2017,06,29,ReedElsevier.md,Takedown,1
2017-06-30-BA-2.md,2017,06,30,BA-2.md,Takedown,1
2017-06-30-BA.md,2017,06,30,BA.md,Takedown,1
2017-06-30-Guidewire.md,2017,06,30,Guidewire.md,Takedown,2
2017-06-30-Jadoo.md,2017,06,30,Jadoo.md,Takedown,1
2017-06-BarbarianLand.md,2017,06,Ba,barianLand.md,Takedown,1
2017-07-03-DK-UK-2.md,2017,07,03,DK-UK-2.md,Takedown,1
2017-07-03-DK-UK-3.md,2017,07,03,DK-UK-3.md,Takedown,1
2017-07-03-DK-US.md,2017,07,03,DK-US.md,Takedown,1
2017-07-03-Random-House.md,2017,07,03,Random-House.md,Takedown,1
2017-07-03-SFIT.md,2017,07,03,SFIT.md,Takedown,6
2017-07-03-SpringMVC.md,2017,07,03,SpringMVC.md,Takedown,5
2017-07-03-Stereoarts.md,2017,07,03,Stereoarts.md,Takedown,1
2017-07-05-cMonkeys.md,2017,07,05,cMonkeys.md,Takedown,2
2017-07-05-DK-UK.md,2017,07,05,DK-UK.md,Takedown,1
2017-07-05-Doser.md,2017,07,05,Doser.md,Takedown,1
2017-07-05-PiratesOnlineRetribution.md,2017,07,05,PiratesOnlineRetribution.md,Takedown,1
2017-07-05-ShanghaiHaihuan.md,2017,07,05,ShanghaiHaihuan.md,Takedown,2
2017-07-05-Shotbow.md,2017,07,05,Shotbow.md,Takedown,2
2017-07-05-Stereoarts.md,2017,07,05,Stereoarts.md,Takedown,1
2017-07-05-Tweeter-Retraction.md,2017,07,05,Tweeter-Retraction.md,Retraction,1
2017-07-06-BluetoothUnity.md,2017,07,06,BluetoothUnity.md,Takedown,2
2017-07-06-Chachani.md,2017,07,06,Chachani.md,Takedown,8
2017-07-06-Doser-Counternotice.md,2017,07,06,Doser-Counternotice.md,Counter Notice,1
2017-07-06-Random-House.md,2017,07,06,Random-House.md,Takedown,1
2017-07-07-Gravity-Forms.md,2017,07,07,Gravity-Forms.md,Takedown,1
2017-07-07-IBCAP.md,2017,07,07,IBCAP.md,Takedown,1
2017-07-07-NetworkHub.md,2017,07,07,NetworkHub.md,Takedown,1
2017-07-07-Ragnarok.md,2017,07,07,Ragnarok.md,Takedown,1
2017-07-07-SteamCardBot.md,2017,07,07,SteamCardBot.md,Takedown,3
2017-07-07-Unity3D-Bluetooth.md,2017,07,07,Unity3D-Bluetooth.md,Takedown,14
2017-07-11-IBCAP.md,2017,07,11,IBCAP.md,Takedown,1
2017-07-11-limprevisto.md,2017,07,11,limprevisto.md,Takedown,1
2017-07-11-Sans-Fight.md,2017,07,11,Sans-Fight.md,Takedown,1
2017-07-11-TechSmith.md,2017,07,11,TechSmith.md,Takedown,1
2017-07-11-Twerion.md,2017,07,11,Twerion.md,Takedown,1
2017-07-12-Jetbrains.md,2017,07,12,Jetbrains.md,Takedown,19
2017-07-12-Random-House-2.md,2017,07,12,Random-House-2.md,Takedown,2
2017-07-12-Random-House.md,2017,07,12,Random-House.md,Takedown,1
2017-07-13-byond.md,2017,07,13,byond.md,Takedown,1
2017-07-13-Kommerce-Laravel.md,2017,07,13,Kommerce-Laravel.md,Takedown,1
2017-07-13-MicrosoftOSG.md,2017,07,13,MicrosoftOSG.md,Takedown,3
2017-07-13-NBK.md,2017,07,13,NBK.md,Takedown,1
2017-07-14-Jrebel.md,2017,07,14,Jrebel.md,Takedown,8
2017-07-14-Kiss-CounterNotice.md,2017,07,14,Kiss-CounterNotice.md,Counter Notice,1
2017-07-14-OUP.md,2017,07,14,OUP.md,Takedown,1
2017-07-14-ReactSnippets.md,2017,07,14,ReactSnippets.md,Takedown,1
2017-07-14-StudyKik.md,2017,07,14,StudyKik.md,Takedown,1
2017-07-14-Tiger.md,2017,07,14,Tiger.md,Takedown,1
2017-07-14-Twerion.md,2017,07,14,Twerion.md,Takedown,1
2017-07-17-Discord-Widget.md,2017,07,17,Discord-Widget.md,Takedown,1
2017-07-17-GYmatch.md,2017,07,17,GYmatch.md,Takedown,1
2017-07-17-RhythmTool.md,2017,07,17,RhythmTool.md,Takedown,3
2017-07-17-SiCKRAGE.md,2017,07,17,SiCKRAGE.md,Takedown,3
2017-07-18-apmsys.md,2017,07,18,apmsys.md,Takedown,4
2017-07-18-byond.md,2017,07,18,byond.md,Takedown,3
2017-07-18-Corgi-Engine.md,2017,07,18,Corgi-Engine.md,Takedown,9
2017-07-18-GoodBoy.md,2017,07,18,GoodBoy.md,Takedown,1
2017-07-18-Infinite-Runner.md,2017,07,18,Infinite-Runner.md,Takedown,1
2017-07-18-Moodys.md,2017,07,18,Moodys.md,Takedown,1
2017-07-18-NewUIWidgets.md,2017,07,18,NewUIWidgets.md,Takedown,2
2017-07-18-Pearson.md,2017,07,18,Pearson.md,Takedown,2
2017-07-18-PETKIT.md,2017,07,18,PETKIT.md,Takedown,1
2017-07-18-Wiley.md,2017,07,18,Wiley.md,Takedown,1
2017-07-19-Buzzer.md,2017,07,19,Buzzer.md,Takedown,1
2017-07-19-Es-Freeroam.md,2017,07,19,Es-Freeroam.md,Takedown,1
2017-07-19-Haskell-Book.md,2017,07,19,Haskell-Book.md,Takedown,0
2017-07-19-Haynes.md,2017,07,19,Haynes.md,Takedown,1
2017-07-19-kdg-db.md,2017,07,19,kdg-db.md,Takedown,1
2017-07-19-Mobiscroll.md,2017,07,19,Mobiscroll.md,Takedown,4
2017-07-19-SiCKRAGE-CounterNotice.md,2017,07,19,SiCKRAGE-CounterNotice.md,Counter Notice,1
2017-07-19-Toontown.md,2017,07,19,Toontown.md,Takedown,2
2017-07-20-Jetbrains.md,2017,07,20,Jetbrains.md,Takedown,15
2017-07-20-ng-book.md,2017,07,20,ng-book.md,Takedown,3
2017-07-20-Odoo.md,2017,07,20,Odoo.md,Takedown,1
2017-07-20-Oxford.md,2017,07,20,Oxford.md,Takedown,1
2017-07-20-Pottermore.md,2017,07,20,Pottermore.md,Takedown,1
2017-07-20-Ragnarok.md,2017,07,20,Ragnarok.md,Takedown,1
2017-07-20-Random-House-2.md,2017,07,20,Random-House-2.md,Takedown,1
2017-07-20-Random-House.md,2017,07,20,Random-House.md,Takedown,1
2017-07-21-Arbitrage.md,2017,07,21,Arbitrage.md,Takedown,1
2017-07-21-SickRage-CounterNotice-2.md,2017,07,21,SickRage-CounterNotice-2.md,Counter Notice,1
2017-07-21-SickRage-CounterNotice.md,2017,07,21,SickRage-CounterNotice.md,Counter Notice,1
2017-07-21-TechSmith-2.md,2017,07,21,TechSmith-2.md,Takedown,1
2017-07-21-TechSmith.md,2017,07,21,TechSmith.md,Takedown,1
2017-07-24-Coursera.md,2017,07,24,Coursera.md,Takedown,1
2017-07-24-ennui.md,2017,07,24,ennui.md,Takedown,1
2017-07-24-Froala.md,2017,07,24,Froala.md,Takedown,1
2017-07-24-Futurama.md,2017,07,24,Futurama.md,Takedown,1
2017-07-24-HygenicsData.md,2017,07,24,HygenicsData.md,Takedown,1
2017-07-24-MagnusChoirVT.md,2017,07,24,MagnusChoirVT.md,Takedown,1
2017-07-24-Skybox-2.md,2017,07,24,Skybox-2.md,Takedown,1
2017-07-24-Skybox-3.md,2017,07,24,Skybox-3.md,Takedown,1
2017-07-24-Skybox-4.md,2017,07,24,Skybox-4.md,Takedown,1
2017-07-24-Skybox-5.md,2017,07,24,Skybox-5.md,Takedown,1
2017-07-24-Skybox-6.md,2017,07,24,Skybox-6.md,Takedown,1
2017-07-24-Skybox-7.md,2017,07,24,Skybox-7.md,Takedown,1
2017-07-24-Skybox.md,2017,07,24,Skybox.md,Takedown,1
2017-07-25-Coupons.md,2017,07,25,Coupons.md,Takedown,4
2017-07-25-FiveTier.md,2017,07,25,FiveTier.md,Takedown,1
2017-07-25-Froala-CounterNotice.md,2017,07,25,Froala-CounterNotice.md,Counter Notice,1
2017-07-25-Haynes.md,2017,07,25,Haynes.md,Takedown,1
2017-07-25-Microsoft.md,2017,07,25,Microsoft.md,Takedown,1
2017-07-25-NihonAdSystems.md,2017,07,25,NihonAdSystems.md,Takedown,1
2017-07-25-NM-Realtors.md,2017,07,25,NM-Realtors.md,Takedown,1
2017-07-25-Odoo.md,2017,07,25,Odoo.md,Takedown,8
2017-07-25-Qualcomm.md,2017,07,25,Qualcomm.md,Takedown,3
2017-07-25-Skybox.md,2017,07,25,Skybox.md,Takedown,1
2017-07-25-SVT.md,2017,07,25,SVT.md,Takedown,3
2017-07-26-essential.md,2017,07,26,essential.md,Takedown,1
2017-07-26-Il-Contratto.md,2017,07,26,Il-Contratto.md,Takedown,1
2017-07-26-Pearson.md,2017,07,26,Pearson.md,Takedown,1
2017-07-27-Emacs.md,2017,07,27,Emacs.md,Takedown,1
2017-07-27-ennui.md,2017,07,27,ennui.md,Takedown,3
2017-07-27-Seta.md,2017,07,27,Seta.md,Takedown,1
2017-07-27-Zepetto.md,2017,07,27,Zepetto.md,Takedown,3
2017-07-28-docsample.md,2017,07,28,docsample.md,Takedown,1
2017-07-28-Toontown.md,2017,07,28,Toontown.md,Takedown,1
2017-07-31-Cengage.md,2017,07,31,Cengage.md,Takedown,1
2017-07-31-EssentialMode-3.md,2017,07,31,EssentialMode-3.md,Takedown,1
2017-07-31-EssentialMode-4.md,2017,07,31,EssentialMode-4.md,Takedown,1
2017-07-31-EssentialMode-5.md,2017,07,31,EssentialMode-5.md,Takedown,1
2017-07-31-EssentialMode-6.md,2017,07,31,EssentialMode-6.md,Takedown,1
2017-07-31-EssentialMode-7.md,2017,07,31,EssentialMode-7.md,Takedown,1
2017-07-31-EssentialMode-8.md,2017,07,31,EssentialMode-8.md,Takedown,1
2017-07-31-EssentialMode-9.md,2017,07,31,EssentialMode-9.md,Takedown,1
2017-07-31-EssentialMode-10.md,2017,07,31,EssentialMode-10.md,Takedown,1
2017-07-31-EssentialMode-11.md,2017,07,31,EssentialMode-11.md,Takedown,1
2017-07-31-EssentialMode-12.md,2017,07,31,EssentialMode-12.md,Takedown,1
2017-07-31-EssentialMode-13.md,2017,07,31,EssentialMode-13.md,Takedown,1
2017-07-31-EssentialMode.md,2017,07,31,EssentialMode.md,Takedown,1
2017-07-31-EssentialMode14.md,2017,07,31,EssentialMode14.md,Takedown,1
2017-07-31-Magic.md,2017,07,31,Magic.md,Takedown,1
2017-07-31-Pearson.md,2017,07,31,Pearson.md,Takedown,2
2017-07-31-Penguin.md,2017,07,31,Penguin.md,Takedown,1
2017-07-31-rsdnation.md,2017,07,31,rsdnation.md,Takedown,1
2017-07-31-SingtelOptus.md,2017,07,31,SingtelOptus.md,Takedown,1
2017-07-31-Star-d.md,2017,07,31,Star-d.md,Takedown,1
2017-07-31-Toontown-CounterNotice.md,2017,07,31,Toontown-CounterNotice.md,Counter Notice,1
2017-08-01-Autoway.md,2017,08,01,Autoway.md,Takedown,1
2017-08-01-Brand.md,2017,08,01,Brand.md,Takedown,1
2017-08-01-Mineplex.md,2017,08,01,Mineplex.md,Takedown,1
2017-08-01-OReilly.md,2017,08,01,OReilly.md,Takedown,1
2017-08-01-Simon&Schuster.md,2017,08,01,Simon&Schuster.md,Takedown,1
2017-08-02-EssentialMode.md,2017,08,02,EssentialMode.md,Takedown,1
2017-08-02-GenisysPro.md,2017,08,02,GenisysPro.md,Takedown,1
2017-08-02-LevenLabs.md,2017,08,02,LevenLabs.md,Takedown,1
2017-08-02-SiliconLabs.md,2017,08,02,SiliconLabs.md,Takedown,1
2017-08-02-ZTE.md,2017,08,02,ZTE.md,Takedown,1
2017-08-03-Attributor.md,2017,08,03,Attributor.md,Takedown,1
2017-08-03-Silabs.md,2017,08,03,Silabs.md,Takedown,1
2017-08-04-apmsys.md,2017,08,04,apmsys.md,Takedown,2
2017-08-04-ExploitHelper.md,2017,08,04,ExploitHelper.md,Takedown,2
2017-08-04-Hotstar.md,2017,08,04,Hotstar.md,Takedown,1
2017-08-04-Odoo.md,2017,08,04,Odoo.md,Takedown,8
2017-08-04-QuickLyric.md,2017,08,04,QuickLyric.md,Takedown,1
2017-08-04-Toontown.md,2017,08,04,Toontown.md,Takedown,1
2017-08-07-CoolCare.md,2017,08,07,CoolCare.md,Takedown,1
2017-08-07-HoughtonMifflin.md,2017,08,07,HoughtonMifflin.md,Takedown,1
2017-08-07-IMC.md,2017,08,07,IMC.md,Takedown,1
2017-08-07-Mondadori.md,2017,08,07,Mondadori.md,Takedown,1
2017-08-07-nodegamedig.md,2017,08,07,nodegamedig.md,Takedown,4
2017-08-07-Odoo.md,2017,08,07,Odoo.md,Takedown,3
2017-08-07-Oxford.md,2017,08,07,Oxford.md,Takedown,1
2017-08-07-Stereoarts.md,2017,08,07,Stereoarts.md,Takedown,1
2017-08-08-Agile.md,2017,08,08,Agile.md,Takedown,1
2017-08-08-Ankhbot.md,2017,08,08,Ankhbot.md,Takedown,1
2017-08-08-Attributor.md,2017,08,08,Attributor.md,Takedown,2
2017-08-08-Oxford.md,2017,08,08,Oxford.md,Takedown,1
2017-08-08-Splunk.md,2017,08,08,Splunk.md,Takedown,18
2017-08-08-Yfiles.md,2017,08,08,Yfiles.md,Takedown,1
2017-08-09-Arrivy.md,2017,08,09,Arrivy.md,Takedown,2
2017-08-09-Handbook.md,2017,08,09,Handbook.md,Takedown,1
2017-08-09-MobvistaSdk.md,2017,08,09,MobvistaSdk.md,Takedown,2
2017-08-09-Penguin.md,2017,08,09,Penguin.md,Takedown,1
2017-08-09-SpiritinMotion.md,2017,08,09,SpiritinMotion.md,Takedown,1
2017-08-09-Yfiles.md,2017,08,09,Yfiles.md,Takedown,1
2017-08-10-Coolcare.md,2017,08,10,Coolcare.md,Takedown,1
2017-08-10-GeneyProduct.md,2017,08,10,GeneyProduct.md,Takedown,1
2017-08-10-GSMarena.md,2017,08,10,GSMarena.md,Takedown,3
2017-08-10-Haynes.md,2017,08,10,Haynes.md,Takedown,1
2017-08-10-Mondadori.md,2017,08,10,Mondadori.md,Takedown,1
2017-08-10-Odoo.md,2017,08,10,Odoo.md,Takedown,1
2017-08-10-Penguin-RH.md,2017,08,10,Penguin-RH.md,Takedown,1
2017-08-10-Pottermore.md,2017,08,10,Pottermore.md,Takedown,1
2017-08-10-RandomHouse.md,2017,08,10,RandomHouse.md,Takedown,1
2017-08-14-Agile.md,2017,08,14,Agile.md,Takedown,1
2017-08-14-APA.md,2017,08,14,APA.md,Takedown,1
2017-08-14-Attributor.md,2017,08,14,Attributor.md,Takedown,1
2017-08-14-Bayer.md,2017,08,14,Bayer.md,Takedown,1
2017-08-14-Carson-Dellosa.md,2017,08,14,Carson-Dellosa.md,Takedown,1
2017-08-14-DKUK.md,2017,08,14,DKUK.md,Takedown,1
2017-08-14-EssentialScrum.md,2017,08,14,EssentialScrum.md,Takedown,2
2017-08-14-Penguin.md,2017,08,14,Penguin.md,Takedown,1
2017-08-14-RandomHouse-2.md,2017,08,14,RandomHouse-2.md,Takedown,2
2017-08-14-RandomHouse.md,2017,08,14,RandomHouse.md,Takedown,1
2017-08-14-SoccerStreams.md,2017,08,14,SoccerStreams.md,Takedown,1
2017-08-14-yfiles.md,2017,08,14,yfiles.md,Takedown,1
2017-08-15-HyEmotes.md,2017,08,15,HyEmotes.md,Takedown,1
2017-08-15-PenguinRH.md,2017,08,15,PenguinRH.md,Takedown,1
2017-08-15-POS.md,2017,08,15,POS.md,Takedown,8
2017-08-16-Dell.md,2017,08,16,Dell.md,Takedown,1
2017-08-16-Maverick.md,2017,08,16,Maverick.md,Takedown,1
2017-08-16-PenguinUS.md,2017,08,16,PenguinUS.md,Takedown,1
2017-08-16-RandomHouseUK.md,2017,08,16,RandomHouseUK.md,Takedown,1
2017-08-16-Zocle.md,2017,08,16,Zocle.md,Takedown,1
2017-08-17-HoughtonMifflin.md,2017,08,17,HoughtonMifflin.md,Takedown,1
2017-08-17-Infocontrol.md,2017,08,17,Infocontrol.md,Takedown,1
2017-08-17-Tencent.md,2017,08,17,Tencent.md,Takedown,9
2017-08-17-Wintercroft.md,2017,08,17,Wintercroft.md,Takedown,1
2017-08-18-PenguinUK.md,2017,08,18,PenguinUK.md,Takedown,1
2017-08-18-PenguinUS-2.md,2017,08,18,PenguinUS-2.md,Takedown,4
2017-08-18-PenguinUS.md,2017,08,18,PenguinUS.md,Takedown,2
2017-08-18-RandomHouse-2.md,2017,08,18,RandomHouse-2.md,Takedown,1
2017-08-18-RandomHouse.md,2017,08,18,RandomHouse.md,Takedown,1
2017-08-18-Ycopp.md,2017,08,18,Ycopp.md,Takedown,2
2017-08-21-eBay.md,2017,08,21,eBay.md,Takedown,2
2017-08-21-ExploitHelper.md,2017,08,21,ExploitHelper.md,Takedown,2
2017-08-21-Skybox.md,2017,08,21,Skybox.md,Takedown,9
2017-08-21-ZZZKBot.md,2017,08,21,ZZZKBot.md,Takedown,2
2017-08-22-Altis.md,2017,08,22,Altis.md,Takedown,21
2017-08-22-Cengage.md,2017,08,22,Cengage.md,Takedown,1
2017-08-22-Ida.md,2017,08,22,Ida.md,Takedown,1
2017-08-22-Simon&Schuster.md,2017,08,22,Simon&Schuster.md,Takedown,1
2017-08-22-VisibleBody.md,2017,08,22,VisibleBody.md,Takedown,1
2017-08-23-Altis-CounterNotice.md,2017,08,23,Altis-CounterNotice.md,Counter Notice,1
2017-08-23-Attributor.md,2017,08,23,Attributor.md,Takedown,2
2017-08-23-DetectCard.md,2017,08,23,DetectCard.md,Takedown,1
2017-08-23-HL2RP.md,2017,08,23,HL2RP.md,Takedown,3
2017-08-23-Nihon.md,2017,08,23,Nihon.md,Takedown,1
2017-08-23-ProfileImage.md,2017,08,23,ProfileImage.md,Takedown,1
2017-08-23-Stata.md,2017,08,23,Stata.md,Takedown,1
2017-08-24-Autodesk-2.md,2017,08,24,Autodesk-2.md,Takedown,4
2017-08-24-Autodesk.md,2017,08,24,Autodesk.md,Takedown,1
2017-08-24-Carson-Dellosa.md,2017,08,24,Carson-Dellosa.md,Takedown,1
2017-08-24-Haynes-2.md,2017,08,24,Haynes-2.md,Takedown,5
2017-08-24-Haynes.md,2017,08,24,Haynes.md,Takedown,1
2017-08-24-Penguin.md,2017,08,24,Penguin.md,Takedown,1
2017-08-24-Random-House.md,2017,08,24,Random-House.md,Takedown,5
2017-08-24-Reed-Elsevier.md,2017,08,24,Reed-Elsevier.md,Takedown,1
2017-08-25-Ragnarok.md,2017,08,25,Ragnarok.md,Takedown,1
2017-08-25-Rapidia.md,2017,08,25,Rapidia.md,Takedown,2
2017-08-25-Skyflow.md,2017,08,25,Skyflow.md,Takedown,1
2017-08-25-ZeroBrush.md,2017,08,25,ZeroBrush.md,Takedown,1
2017-08-28-Moody.md,2017,08,28,Moody.md,Takedown,1
2017-08-28-Offensive-Security.md,2017,08,28,Offensive-Security.md,Takedown,1
2017-08-28-Penguin-2.md,2017,08,28,Penguin-2.md,Takedown,2
2017-08-28-Penguin-3.md,2017,08,28,Penguin-3.md,Takedown,3
2017-08-28-Penguin-4.md,2017,08,28,Penguin-4.md,Takedown,1
2017-08-28-Penguin-5.md,2017,08,28,Penguin-5.md,Takedown,1
2017-08-28-Penguin-6.md,2017,08,28,Penguin-6.md,Takedown,1
2017-08-28-Penguin-7.md,2017,08,28,Penguin-7.md,Takedown,1
2017-08-28-Penguin.md,2017,08,28,Penguin.md,Takedown,1
2017-08-28-Prometheus.md,2017,08,28,Prometheus.md,Takedown,1
2017-08-28-RandomHouse-2.md,2017,08,28,RandomHouse-2.md,Takedown,1
2017-08-28-RandomHouse-3.md,2017,08,28,RandomHouse-3.md,Takedown,2
2017-08-28-RandomHouse.md,2017,08,28,RandomHouse.md,Takedown,1
2017-08-28-TestDome.md,2017,08,28,TestDome.md,Takedown,5
2017-08-28-Themely.md,2017,08,28,Themely.md,Takedown,2
2017-08-29-Adobe.md,2017,08,29,Adobe.md,Takedown,1
2017-08-29-DKUK.md,2017,08,29,DKUK.md,Takedown,1
2017-08-29-HandleIt.md,2017,08,29,HandleIt.md,Takedown,1
2017-08-29-Oxford.md,2017,08,29,Oxford.md,Takedown,2
2017-08-29-StereoArts.md,2017,08,29,StereoArts.md,Takedown,1
2017-08-29-TeraProxy.md,2017,08,29,TeraProxy.md,Takedown,1
2017-08-29-Yfiles.md,2017,08,29,Yfiles.md,Takedown,1
2017-08-29-yWorks.md,2017,08,29,yWorks.md,Takedown,1
2017-08-30-Altis.md,2017,08,30,Altis.md,Takedown,12
2017-08-30-PM-YWAQPT.md,2017,08,30,PM-YWAQPT.md,Takedown,1
2017-08-31-Adfly.md,2017,08,31,Adfly.md,Takedown,1
2017-08-31-Cengage.md,2017,08,31,Cengage.md,Takedown,3
2017-08-31-Cycorp.md,2017,08,31,Cycorp.md,Takedown,1
2017-08-31-OReilly.md,2017,08,31,OReilly.md,Takedown,2
2017-08-31-Pearson.md,2017,08,31,Pearson.md,Takedown,2
2017-08-31-SublimeText.md,2017,08,31,SublimeText.md,Takedown,1
2017-09-01-ProfileImage-CounterNotice.md,2017,09,01,ProfileImage-CounterNotice.md,Counter Notice,1
2017-09-04-Carson-Dellosa.md,2017,09,04,Carson-Dellosa.md,Takedown,1
2017-09-04-GoPro.md,2017,09,04,GoPro.md,Takedown,4
2017-09-04-Ida.md,2017,09,04,Ida.md,Takedown,14
2017-09-04-Leanpub.md,2017,09,04,Leanpub.md,Takedown,1
2017-09-04-MetaQuotes.md,2017,09,04,MetaQuotes.md,Takedown,5
2017-09-04-OffensiveSecurity.md,2017,09,04,OffensiveSecurity.md,Takedown,1
2017-09-04-Penguin-2.md,2017,09,04,Penguin-2.md,Takedown,1
2017-09-04-Penguin-3.md,2017,09,04,Penguin-3.md,Takedown,1
2017-09-04-Penguin-4.md,2017,09,04,Penguin-4.md,Takedown,1
2017-09-04-Penguin-5.md,2017,09,04,Penguin-5.md,Takedown,2
2017-09-04-Penguin.md,2017,09,04,Penguin.md,Takedown,2
2017-09-04-Random-House-2.md,2017,09,04,Random-House-2.md,Takedown,1
2017-09-04-Spinify.md,2017,09,04,Spinify.md,Takedown,1
2017-09-04-VGPRO.md,2017,09,04,VGPRO.md,Takedown,1
2017-09-05-Bektayev.md,2017,09,05,Bektayev.md,Takedown,1
2017-09-05-FHAdmin.md,2017,09,05,FHAdmin.md,Takedown,26
2017-09-05-I&TBrand.md,2017,09,05,I&TBrand.md,Takedown,1
2017-09-05-Medoo.md,2017,09,05,Medoo.md,Takedown,1
2017-09-05-Moody-2.md,2017,09,05,Moody-2.md,Takedown,1
2017-09-05-Moody.md,2017,09,05,Moody.md,Takedown,1
2017-09-05-Oxford.md,2017,09,05,Oxford.md,Takedown,1
2017-09-05-RandomHouse.md,2017,09,05,RandomHouse.md,Takedown,1
2017-09-05-RhythmTool.md,2017,09,05,RhythmTool.md,Takedown,2
2017-09-05-Skybox.md,2017,09,05,Skybox.md,Takedown,1
2017-09-06-EloBuddy.md,2017,09,06,EloBuddy.md,Takedown,1
2017-09-06-Hitchhikers-Ggplot2.md,2017,09,06,Hitchhikers-Ggplot2.md,Takedown,5
2017-09-06-Skybox-2.md,2017,09,06,Skybox-2.md,Takedown,7
2017-09-07-ASEE.md,2017,09,07,ASEE.md,Takedown,1
2017-09-07-ElectronicArts-2.md,2017,09,07,ElectronicArts-2.md,Takedown,3
2017-09-07-ElectronicArts.md,2017,09,07,ElectronicArts.md,Takedown,2
2017-09-07-FHAdmin-Counternotice.md,2017,09,07,FHAdmin-Counternotice.md,Counter Notice,1
2017-09-07-Ida.md,2017,09,07,Ida.md,Takedown,1
2017-09-07-Spinify.md,2017,09,07,Spinify.md,Takedown,2
2017-09-07-Vladiate.md,2017,09,07,Vladiate.md,Takedown,1
2017-09-07-Vocalink.md,2017,09,07,Vocalink.md,Takedown,1
2017-09-08-FHAdmin.md,2017,09,08,FHAdmin.md,Takedown,10
2017-09-08-MemeWallet.md,2017,09,08,MemeWallet.md,Takedown,1
2017-09-11-ATT.md,2017,09,11,ATT.md,Takedown,1
2017-09-11-InfamousGangsters.md,2017,09,11,InfamousGangsters.md,Takedown,1
2017-09-11-OReilly.md,2017,09,11,OReilly.md,Takedown,1
2017-09-12-DK-US.md,2017,09,12,DK-US.md,Takedown,1
2017-09-12-Elektrokit.md,2017,09,12,Elektrokit.md,Takedown,1
2017-09-12-Eureka.md,2017,09,12,Eureka.md,Takedown,1
2017-09-12-Mobiscroll.md,2017,09,12,Mobiscroll.md,Takedown,13
2017-09-12-PenguinUK.md,2017,09,12,PenguinUK.md,Takedown,1
2017-09-12-RandomHouse.md,2017,09,12,RandomHouse.md,Takedown,1
2017-09-12-RandomHouseAustralia.md,2017,09,12,RandomHouseAustralia.md,Takedown,1
2017-09-12-SimonSchuster.md,2017,09,12,SimonSchuster.md,Takedown,1
2017-09-12-Zsky.md,2017,09,12,Zsky.md,Takedown,1
2017-09-14-Astrill.md,2017,09,14,Astrill.md,Takedown,7
2017-09-14-Bonnier.md,2017,09,14,Bonnier.md,Takedown,1
2017-09-14-Broker-Professions.md,2017,09,14,Broker-Professions.md,Takedown,1
2017-09-14-EVP.md,2017,09,14,EVP.md,Takedown,1
2017-09-14-FHAdmin-2.md,2017,09,14,FHAdmin-2.md,Takedown,1
2017-09-14-FHAdmin.md,2017,09,14,FHAdmin.md,Takedown,3
2017-09-14-InfamousGangsters-CounterNotice.md,2017,09,14,InfamousGangsters-CounterNotice.md,Counter Notice,1
2017-09-14-Kata.md,2017,09,14,Kata.md,Takedown,1
2017-09-14-MITPress.md,2017,09,14,MITPress.md,Takedown,1
2017-09-14-NihonAdSystems-2.md,2017,09,14,NihonAdSystems-2.md,Takedown,5
2017-09-14-NihonAdSystems.md,2017,09,14,NihonAdSystems.md,Takedown,6
2017-09-14-NSTA.md,2017,09,14,NSTA.md,Takedown,1
2017-09-14-Oxford.md,2017,09,14,Oxford.md,Takedown,1
2017-09-14-Penguin-2.md,2017,09,14,Penguin-2.md,Takedown,1
2017-09-14-Penguin.md,2017,09,14,Penguin.md,Takedown,3
2017-09-14-Princeton.md,2017,09,14,Princeton.md,Takedown,1
2017-09-14-RandomHouse-2.md,2017,09,14,RandomHouse-2.md,Takedown,2
2017-09-14-RandomHouse.md,2017,09,14,RandomHouse.md,Takedown,1
2017-09-14-Stereoarts.md,2017,09,14,Stereoarts.md,Takedown,1
2017-09-14-Webkul.md,2017,09,14,Webkul.md,Takedown,24
2017-09-14-WPDomainChecker.md,2017,09,14,WPDomainChecker.md,Takedown,1
2017-09-14-zsky.md,2017,09,14,zsky.md,Takedown,6
2017-09-15-ElektroKit.md,2017,09,15,ElektroKit.md,Takedown,4
2017-09-18-EVP5.md,2017,09,18,EVP5.md,Takedown,16
2017-09-18-FHAdmin.md,2017,09,18,FHAdmin.md,Takedown,21
2017-09-18-Gaia.md,2017,09,18,Gaia.md,Takedown,1
2017-09-18-HoughtonMifflin.md,2017,09,18,HoughtonMifflin.md,Takedown,1
2017-09-18-Kensington.md,2017,09,18,Kensington.md,Takedown,1
2017-09-18-MarkMonitor.md,2017,09,18,MarkMonitor.md,Takedown,1
2017-09-18-Penguin.md,2017,09,18,Penguin.md,Takedown,1
2017-09-18-RandomHouse-2.md,2017,09,18,RandomHouse-2.md,Takedown,2
2017-09-18-RandomHouse-3.md,2017,09,18,RandomHouse-3.md,Takedown,2
2017-09-18-RandomHouse-4.md,2017,09,18,RandomHouse-4.md,Takedown,1
2017-09-18-Ring.md,2017,09,18,Ring.md,Takedown,1
2017-09-18-SingularityStudios.md,2017,09,18,SingularityStudios.md,Takedown,1
2017-09-19-Carson-Dellosa.md,2017,09,19,Carson-Dellosa.md,Takedown,4
2017-09-19-Gaia-2.md,2017,09,19,Gaia-2.md,Takedown,1
2017-09-19-Gaia-3.md,2017,09,19,Gaia-3.md,Takedown,1
2017-09-19-Gaia-4.md,2017,09,19,Gaia-4.md,Takedown,1
2017-09-19-Gaia-5.md,2017,09,19,Gaia-5.md,Takedown,1
2017-09-19-Gaia-6.md,2017,09,19,Gaia-6.md,Takedown,1
2017-09-19-Gaia-7.md,2017,09,19,Gaia-7.md,Takedown,1
2017-09-19-Gaia-8.md,2017,09,19,Gaia-8.md,Takedown,1
2017-09-19-Gaia-9.md,2017,09,19,Gaia-9.md,Takedown,1
2017-09-19-Gaia-10.md,2017,09,19,Gaia-10.md,Takedown,1
2017-09-19-Gaia-11.md,2017,09,19,Gaia-11.md,Takedown,1
2017-09-19-Gaia-12.md,2017,09,19,Gaia-12.md,Takedown,1
2017-09-19-Gaia-13.md,2017,09,19,Gaia-13.md,Takedown,1
2017-09-19-Gaia-14.md,2017,09,19,Gaia-14.md,Takedown,1
2017-09-19-Gaia-15.md,2017,09,19,Gaia-15.md,Takedown,1
2017-09-19-Gaia-16.md,2017,09,19,Gaia-16.md,Takedown,1
2017-09-19-Gaia.md,2017,09,19,Gaia.md,Takedown,1
2017-09-19-Magento.md,2017,09,19,Magento.md,Takedown,1
2017-09-19-OReilly.md,2017,09,19,OReilly.md,Takedown,1
2017-09-19-Oxford.md,2017,09,19,Oxford.md,Takedown,1
2017-09-19-Webkul.md,2017,09,19,Webkul.md,Takedown,1
2017-09-20-FloatingFields.md,2017,09,20,FloatingFields.md,Takedown,1
2017-09-20-Pearson.md,2017,09,20,Pearson.md,Takedown,2
2017-09-21-Candlewick-2.md,2017,09,21,Candlewick-2.md,Takedown,5
2017-09-21-Candlewick.md,2017,09,21,Candlewick.md,Takedown,2
2017-09-21-Carleton.md,2017,09,21,Carleton.md,Takedown,1
2017-09-21-VIZMedia.md,2017,09,21,VIZMedia.md,Takedown,1
2017-09-21-Webkul-2.md,2017,09,21,Webkul-2.md,Takedown,1
2017-09-21-Webkul.md,2017,09,21,Webkul.md,Takedown,1
2017-09-22-Carleton.md,2017,09,22,Carleton.md,Takedown,1
2017-09-22-DK.md,2017,09,22,DK.md,Takedown,1
2017-09-22-DofusTouch.md,2017,09,22,DofusTouch.md,Takedown,3
2017-09-22-NetEase.md,2017,09,22,NetEase.md,Takedown,8
2017-09-25-Alitech.md,2017,09,25,Alitech.md,Takedown,1
2017-09-25-Baidu.md,2017,09,25,Baidu.md,Takedown,1
2017-09-25-Cheniere.md,2017,09,25,Cheniere.md,Takedown,1
2017-09-25-COLR.md,2017,09,25,COLR.md,Takedown,2
2017-09-25-HoughtonMifflin.md,2017,09,25,HoughtonMifflin.md,Takedown,1
2017-09-25-OCR.md,2017,09,25,OCR.md,Takedown,1
2017-09-25-OxfordUniversityPress.md,2017,09,25,OxfordUniversityPress.md,Takedown,1
2017-09-25-Qualcomm.md,2017,09,25,Qualcomm.md,Takedown,11
2017-09-25-RandomHouse.md,2017,09,25,RandomHouse.md,Takedown,23
2017-09-26-ElectronicArts.md,2017,09,26,ElectronicArts.md,Takedown,2
2017-09-26-JSECoin.md,2017,09,26,JSECoin.md,Takedown,1
2017-09-26-Qualcomm.md,2017,09,26,Qualcomm.md,Takedown,9
2017-09-26-WASP.md,2017,09,26,WASP.md,Takedown,1
2017-09-26-Webkul.md,2017,09,26,Webkul.md,Takedown,1
2017-09-27-Altis.md,2017,09,27,Altis.md,Takedown,4
2017-09-27-Attributor.md,2017,09,27,Attributor.md,Takedown,2
2017-09-27-CardQuiry.md,2017,09,27,CardQuiry.md,Takedown,1
2017-09-27-Coinigy.md,2017,09,27,Coinigy.md,Takedown,1
2017-09-27-ElectronicArts.md,2017,09,27,ElectronicArts.md,Takedown,4
2017-09-27-Optos.md,2017,09,27,Optos.md,Takedown,1
2017-09-27-Webkul.md,2017,09,27,Webkul.md,Takedown,1
2017-09-27-Wiley.md,2017,09,27,Wiley.md,Takedown,1
2017-09-28-Accenture.md,2017,09,28,Accenture.md,Takedown,1
2017-09-28-AmTrust.md,2017,09,28,AmTrust.md,Takedown,1
2017-09-28-CambridgeMobile.md,2017,09,28,CambridgeMobile.md,Takedown,20
2017-09-28-Codility.md,2017,09,28,Codility.md,Takedown,5
2017-09-28-OReilly.md,2017,09,28,OReilly.md,Takedown,1
2017-09-28-StainSystem.md,2017,09,28,StainSystem.md,Takedown,1
2017-09-28-StereoArts.md,2017,09,28,StereoArts.md,Takedown,2
2017-09-28-Tencent.md,2017,09,28,Tencent.md,Takedown,2
2017-09-29-DofusTouch.md,2017,09,29,DofusTouch.md,Takedown,1
2017-09-29-Esri.md,2017,09,29,Esri.md,Takedown,1
2017-09-29-Insyde.md,2017,09,29,Insyde.md,Takedown,1
2017-10-02-AndroidProject.md,2017,10,02,AndroidProject.md,Takedown,1
2017-10-02-CardQuiry.md,2017,10,02,CardQuiry.md,Takedown,8
2017-10-02-CTU.md,2017,10,02,CTU.md,Takedown,1
2017-10-02-SublimeText.md,2017,10,02,SublimeText.md,Takedown,61
2017-10-02-TestDome.md,2017,10,02,TestDome.md,Takedown,1
2017-10-02-Unity.md,2017,10,02,Unity.md,Takedown,1
2017-10-03-CurrencyConverter.md,2017,10,03,CurrencyConverter.md,Takedown,1
2017-10-03-Qualcomm.md,2017,10,03,Qualcomm.md,Takedown,27
2017-10-03-Sangfor.md,2017,10,03,Sangfor.md,Takedown,3
2017-10-04-AmTrust.md,2017,10,04,AmTrust.md,Takedown,1
2017-10-04-KPMG.md,2017,10,04,KPMG.md,Takedown,1
2017-10-04-Mondadori.md,2017,10,04,Mondadori.md,Takedown,2
2017-10-04-PhantomClicker.md,2017,10,04,PhantomClicker.md,Takedown,1
2017-10-04-TradingView.md,2017,10,04,TradingView.md,Takedown,21
2017-10-05-Accenture.md,2017,10,05,Accenture.md,Takedown,3
2017-10-05-Bet98vn.md,2017,10,05,Bet98vn.md,Takedown,2
2017-10-05-Broadcom.md,2017,10,05,Broadcom.md,Takedown,1
2017-10-05-Eltima.md,2017,10,05,Eltima.md,Takedown,1
2017-10-05-GeneticAlgorithm.md,2017,10,05,GeneticAlgorithm.md,Takedown,1
2017-10-05-Jetbrains.md,2017,10,05,Jetbrains.md,Takedown,34
2017-10-05-NTTData.md,2017,10,05,NTTData.md,Takedown,1
2017-10-05-Stereoarts.md,2017,10,05,Stereoarts.md,Takedown,1
2017-10-06-katalon.md,2017,10,06,katalon.md,Takedown,1
2017-10-09-DungeonMaster.md,2017,10,09,DungeonMaster.md,Takedown,8
2017-10-10-Broadcom-2.md,2017,10,10,Broadcom-2.md,Takedown,1
2017-10-10-Broadcom-3.md,2017,10,10,Broadcom-3.md,Takedown,1
2017-10-10-Broadcom-4.md,2017,10,10,Broadcom-4.md,Takedown,1
2017-10-10-Broadcom-5.md,2017,10,10,Broadcom-5.md,Takedown,1
2017-10-10-Broadcom-6.md,2017,10,10,Broadcom-6.md,Takedown,1
2017-10-10-Broadcom-7.md,2017,10,10,Broadcom-7.md,Takedown,1
2017-10-10-Broadcom-8.md,2017,10,10,Broadcom-8.md,Takedown,1
2017-10-10-Broadcom-9.md,2017,10,10,Broadcom-9.md,Takedown,1
2017-10-10-Broadcom-10.md,2017,10,10,Broadcom-10.md,Takedown,1
2017-10-10-Broadcom-11.md,2017,10,10,Broadcom-11.md,Takedown,1
2017-10-10-Broadcom-12.md,2017,10,10,Broadcom-12.md,Takedown,1
2017-10-10-Broadcom-13.md,2017,10,10,Broadcom-13.md,Takedown,1
2017-10-10-Broadcom-14.md,2017,10,10,Broadcom-14.md,Takedown,1
2017-10-10-Broadcom-15.md,2017,10,10,Broadcom-15.md,Takedown,1
2017-10-10-Broadcom-16.md,2017,10,10,Broadcom-16.md,Takedown,1
2017-10-10-Broadcom-17.md,2017,10,10,Broadcom-17.md,Takedown,1
2017-10-10-GreenEstate.md,2017,10,10,GreenEstate.md,Takedown,1
2017-10-10-JaaneKyun.md,2017,10,10,JaaneKyun.md,Takedown,1
2017-10-10-Myecobee.md,2017,10,10,Myecobee.md,Takedown,1
2017-10-10-Unity-2.md,2017,10,10,Unity-2.md,Takedown,3
2017-10-10-Unity.md,2017,10,10,Unity.md,Takedown,1
2017-10-10-v3.md,2017,10,10,v3.md,Takedown,1
2017-10-11-InteractiveIntelligence.md,2017,10,11,InteractiveIntelligence.md,Takedown,1
2017-10-11-Wizlearn.md,2017,10,11,Wizlearn.md,Takedown,1
2017-10-12-ALI.md,2017,10,12,ALI.md,Takedown,24
2017-10-12-AzureDragon.md,2017,10,12,AzureDragon.md,Takedown,1
2017-10-12-Broadcom.md,2017,10,12,Broadcom.md,Takedown,2
2017-10-12-DungeonMaster-Retraction.md,2017,10,12,DungeonMaster-Retraction.md,Takedown,2
2017-10-12-Pearson.md,2017,10,12,Pearson.md,Takedown,1
2017-10-12-PureCloud.md,2017,10,12,PureCloud.md,Takedown,1
2017-10-13-Meganavbar.md,2017,10,13,Meganavbar.md,Takedown,1
2017-10-13-newznab.md,2017,10,13,newznab.md,Takedown,1
2017-10-13-Stereoarts.md,2017,10,13,Stereoarts.md,Takedown,1
2017-10-14-Cengage.md,2017,10,14,Cengage.md,Takedown,1
2017-10-16-AnimatedGifPlayer.md,2017,10,16,AnimatedGifPlayer.md,Takedown,1
2017-10-16-Blizzard.md,2017,10,16,Blizzard.md,Takedown,1
2017-10-16-Cerberus.md,2017,10,16,Cerberus.md,Takedown,3
2017-10-16-LANDI.md,2017,10,16,LANDI.md,Takedown,2
2017-10-16-Mobiscroll.md,2017,10,16,Mobiscroll.md,Takedown,5
2017-10-16-Stereoarts.md,2017,10,16,Stereoarts.md,Takedown,1
2017-10-16-Zygor.md,2017,10,16,Zygor.md,Takedown,1
2017-10-17-AMD.md,2017,10,17,AMD.md,Takedown,1
2017-10-17-Cengage.md,2017,10,17,Cengage.md,Takedown,2
2017-10-17-OxfordPress.md,2017,10,17,OxfordPress.md,Takedown,4
2017-10-18-CameraKit.md,2017,10,18,CameraKit.md,Takedown,1
2017-10-19-Carson-Dellosa.md,2017,10,19,Carson-Dellosa.md,Takedown,4
2017-10-19-LANDI.md,2017,10,19,LANDI.md,Takedown,3
2017-10-19-myrepo.md,2017,10,19,myrepo.md,Takedown,1
2017-10-19-WebSecNotes.md,2017,10,19,WebSecNotes.md,Takedown,17
2017-10-19-WorldQuant.md,2017,10,19,WorldQuant.md,Takedown,1
2017-10-19-XPOSP.md,2017,10,19,XPOSP.md,Takedown,1
2017-10-20-Synology.md,2017,10,20,Synology.md,Takedown,1
2017-10-23-Mondadori.md,2017,10,23,Mondadori.md,Takedown,1
2017-10-23-Target.md,2017,10,23,Target.md,Takedown,1
2017-10-24-Aetna.md,2017,10,24,Aetna.md,Takedown,1
2017-10-24-Iceberg.md,2017,10,24,Iceberg.md,Takedown,1
2017-10-24-Pearson.md,2017,10,24,Pearson.md,Takedown,1
2017-10-24-Simon&Schuster.md,2017,10,24,Simon&Schuster.md,Takedown,1
2017-10-25-Fuse.md,2017,10,25,Fuse.md,Takedown,19
2017-10-25-Kevin-and-Fred.md,2017,10,25,Kevin-and-Fred.md,Takedown,1
2017-10-25-Stereoarts.md,2017,10,25,Stereoarts.md,Takedown,1
2017-10-26-Basemark.md,2017,10,26,Basemark.md,Takedown,2
2017-10-26-Carson-Dellosa.md,2017,10,26,Carson-Dellosa.md,Takedown,1
2017-10-26-EpicGames.md,2017,10,26,EpicGames.md,Takedown,1
2017-10-26-Molenari.md,2017,10,26,Molenari.md,Takedown,1
2017-10-26-Pearson.md,2017,10,26,Pearson.md,Takedown,1
2017-10-27-Microsoft.md,2017,10,27,Microsoft.md,Takedown,1
2017-10-30-Attributor.md,2017,10,30,Attributor.md,Takedown,1
2017-10-30-EasySave.md,2017,10,30,EasySave.md,Takedown,18
2017-10-30-HoughtonMifflin.md,2017,10,30,HoughtonMifflin.md,Takedown,4
2017-10-30-Penguin.md,2017,10,30,Penguin.md,Takedown,1
2017-10-30-QIWI.md,2017,10,30,QIWI.md,Takedown,1
2017-10-30-Slack.md,2017,10,30,Slack.md,Takedown,1
2017-10-31-Cengage.md,2017,10,31,Cengage.md,Takedown,1
2017-10-31-halk.md,2017,10,31,halk.md,Takedown,2
2017-10-31-hashbot.md,2017,10,31,hashbot.md,Takedown,1
2017-10-31-MetaQuotes.md,2017,10,31,MetaQuotes.md,Takedown,4
2017-10-31-Pearson.md,2017,10,31,Pearson.md,Takedown,1
2017-10-31-PHP-Poker.md,2017,10,31,PHP-Poker.md,Takedown,1
2017-10-31-yCopp.md,2017,10,31,yCopp.md,Takedown,1
2017-11-01-CasaiQ.md,2017,11,01,CasaiQ.md,Takedown,3
2017-05-22-Pearson.md,2017,05,22,Pearson.md,Takedown,1
2017-11-01-Directory.md,2017,11,01,Directory.md,Takedown,1
2017-11-01-IllusionRanch.md,2017,11,01,IllusionRanch.md,Takedown,1
2017-11-01-Prestashop.md,2017,11,01,Prestashop.md,Takedown,1
2017-11-1-Webkul.md,2017,11,1-,ebkul.md,Takedown,1
2017-11-01-WGU.md,2017,11,01,WGU.md,Takedown,1
2017-11-01-WQU.md,2017,11,01,WQU.md,Takedown,5
2017-11-02-BestWestern.md,2017,11,02,BestWestern.md,Takedown,1
2017-11-02-Cambridge-2.md,2017,11,02,Cambridge-2.md,Takedown,6
2017-11-02-Cambridge-3.md,2017,11,02,Cambridge-3.md,Takedown,2
2017-11-02-Cambridge.md,2017,11,02,Cambridge.md,Takedown,1
2017-11-02-proj.md,2017,11,02,proj.md,Takedown,1
2017-11-02-SAML.md,2017,11,02,SAML.md,Takedown,1
2017-11-02-Steam.md,2017,11,02,Steam.md,Takedown,8
2017-11-02-ycopp.md,2017,11,02,ycopp.md,Takedown,1
2017-11-03-Accenture.md,2017,11,03,Accenture.md,Takedown,1
2017-11-03-Blizzard.md,2017,11,03,Blizzard.md,Takedown,1
2017-11-03-hrpure.md,2017,11,03,hrpure.md,Takedown,3
2017-11-03-Udemy.md,2017,11,03,Udemy.md,Takedown,1
2017-11-06-1776.md,2017,11,06,1776.md,Takedown,1
2017-11-06-Attributor.md,2017,11,06,Attributor.md,Takedown,1
2017-11-06-AzerCMS.md,2017,11,06,AzerCMS.md,Takedown,1
2017-11-06-CapitalOne.md,2017,11,06,CapitalOne.md,Takedown,5
2017-11-06-Codility.md,2017,11,06,Codility.md,Takedown,1
2017-11-06-EpicGames.md,2017,11,06,EpicGames.md,Takedown,44
2017-11-06-Hamsters.md,2017,11,06,Hamsters.md,Takedown,2
2017-11-06-Lara-Ads.md,2017,11,06,Lara-Ads.md,Takedown,10
2017-11-06-Magento-2.md,2017,11,06,Magento-2.md,Takedown,1
2017-11-06-Magento-3.md,2017,11,06,Magento-3.md,Takedown,1
2017-11-06-Magento-4.md,2017,11,06,Magento-4.md,Takedown,1
2017-11-06-Magento-5.md,2017,11,06,Magento-5.md,Takedown,1
2017-11-06-Magento-6.md,2017,11,06,Magento-6.md,Takedown,1
2017-11-06-Magento-7.md,2017,11,06,Magento-7.md,Takedown,1
2017-11-06-Magento-8.md,2017,11,06,Magento-8.md,Takedown,1
2017-11-06-Magento.md,2017,11,06,Magento.md,Takedown,1
2017-11-06-OUP.md,2017,11,06,OUP.md,Takedown,1
2017-11-06-Pearson.md,2017,11,06,Pearson.md,Takedown,2
2017-11-06-SnippetServer.md,2017,11,06,SnippetServer.md,Takedown,1
2017-11-06-TU-Darmstadt.md,2017,11,06,TU-Darmstadt.md,Takedown,1
2017-11-06-Workshare.md,2017,11,06,Workshare.md,Takedown,6
2017-11-07-Accenture.md,2017,11,07,Accenture.md,Takedown,10
2017-11-07-ConvertCSV.md,2017,11,07,ConvertCSV.md,Takedown,1
2017-11-07-ConvertCVS-2.md,2017,11,07,ConvertCVS-2.md,Takedown,1
2017-11-07-EpicGames.md,2017,11,07,EpicGames.md,Takedown,27
2017-11-07-Marketing-Online.md,2017,11,07,Marketing-Online.md,Takedown,1
2017-11-07-RandomHouse.md,2017,11,07,RandomHouse.md,Takedown,1
2017-11-07-Tagweb.md,2017,11,07,Tagweb.md,Takedown,1
2017-11-07-TreeHub.md,2017,11,07,TreeHub.md,Takedown,1
2017-11-08-EpicGames.md,2017,11,08,EpicGames.md,Takedown,8
2017-11-08-FHAdmin.md,2017,11,08,FHAdmin.md,Takedown,1
2017-11-08-Oath.md,2017,11,08,Oath.md,Takedown,7
2017-11-08-Pottermore.md,2017,11,08,Pottermore.md,Takedown,1
2017-11-08-Tinder.md,2017,11,08,Tinder.md,Takedown,89
2017-11-08-Webkul-1.md,2017,11,08,Webkul-1.md,Takedown,1
2017-11-08-Webkul.md,2017,11,08,Webkul.md,Takedown,23
2017-11-09-AudioStream.md,2017,11,09,AudioStream.md,Takedown,1
2017-11-09-Cambridge.md,2017,11,09,Cambridge.md,Takedown,1
2017-11-09-DieboldNixdorf.md,2017,11,09,DieboldNixdorf.md,Takedown,5
2017-11-09-Dofus-Touch.md,2017,11,09,Dofus-Touch.md,Takedown,1
2017-11-09-projectboss.md,2017,11,09,projectboss.md,Takedown,1
2017-11-09-TSYS.md,2017,11,09,TSYS.md,Takedown,1
2017-11-09-VolumeViewer.md,2017,11,09,VolumeViewer.md,Takedown,1
2017-11-09-VolumeViewer2.md,2017,11,09,VolumeViewer2.md,Takedown,1
2017-11-10-FileSaver.md,2017,11,10,FileSaver.md,Takedown,1
2017-11-11-FHAdmin.md,2017,11,11,FHAdmin.md,Takedown,1
2017-11-11-FoxMC.md,2017,11,11,FoxMC.md,Takedown,1
2017-11-11-NAVL.md,2017,11,11,NAVL.md,Takedown,1
2017-11-13-Haynes.md,2017,11,13,Haynes.md,Takedown,1
2017-11-13-MoreMountains-2.md,2017,11,13,MoreMountains-2.md,Takedown,1
2017-11-13-MoreMountains.md,2017,11,13,MoreMountains.md,Takedown,5
2017-11-13-PokemonVortex.md,2017,11,13,PokemonVortex.md,Takedown,4
2017-11-13-Udemy-2.md,2017,11,13,Udemy-2.md,Takedown,308
2017-11-13-Udemy.md,2017,11,13,Udemy.md,Takedown,187
2017-11-13-Webkul-2.md,2017,11,13,Webkul-2.md,Takedown,1
2017-11-13-Webkul-3.md,2017,11,13,Webkul-3.md,Takedown,1
2017-11-13-Webkul-4.md,2017,11,13,Webkul-4.md,Takedown,1
2017-11-13-Webkul-5.md,2017,11,13,Webkul-5.md,Takedown,1
2017-11-13-Webkul-6.md,2017,11,13,Webkul-6.md,Takedown,1
2017-11-13-Webkul-7.md,2017,11,13,Webkul-7.md,Takedown,1
2017-11-13-Webkul-8.md,2017,11,13,Webkul-8.md,Takedown,1
2017-11-13-Webkul.md,2017,11,13,Webkul.md,Takedown,1
2017-11-14-Asirikuy.md,2017,11,14,Asirikuy.md,Takedown,1
2017-11-14-Atlassian-2.md,2017,11,14,Atlassian-2.md,Takedown,62
2017-11-14-Atlassian.md,2017,11,14,Atlassian.md,Takedown,45
2017-11-14-OffensiveSecurity-2.md,2017,11,14,OffensiveSecurity-2.md,Takedown,1
2017-11-14-OffensiveSecurity.md,2017,11,14,OffensiveSecurity.md,Takedown,1
2017-11-14-RandomHouse.md,2017,11,14,RandomHouse.md,Takedown,1
2017-11-14-Skopos.md,2017,11,14,Skopos.md,Takedown,1
2017-11-14-Stereoarts-2.md,2017,11,14,Stereoarts-2.md,Takedown,1
2017-11-14-Stereoarts.md,2017,11,14,Stereoarts.md,Takedown,1
2017-11-14-Zelix.md,2017,11,14,Zelix.md,Takedown,1
2017-11-15-Cigna-2.md,2017,11,15,Cigna-2.md,Takedown,1
2017-11-15-Cigna.md,2017,11,15,Cigna.md,Takedown,1
2017-11-15-cloudsixteen.md,2017,11,15,cloudsixteen.md,Takedown,1
2017-11-15-FHAdmin.md,2017,11,15,FHAdmin.md,Takedown,27
2017-11-15-Huawei.md,2017,11,15,Huawei.md,Takedown,1
2017-11-15-Ikonize.md,2017,11,15,Ikonize.md,Takedown,2
2017-11-15-Pearson.md,2017,11,15,Pearson.md,Takedown,1
2017-11-15-Skyboxes.md,2017,11,15,Skyboxes.md,Takedown,1
2017-11-15-Stereoarts.md,2017,11,15,Stereoarts.md,Takedown,1
2017-11-15-Target.md,2017,11,15,Target.md,Takedown,1
2017-11-15-Webkul-1.md,2017,11,15,Webkul-1.md,Takedown,1
2017-11-15-Webkul-4.md,2017,11,15,Webkul-4.md,Takedown,1
2017-11-15-Webkul-5.md,2017,11,15,Webkul-5.md,Takedown,1
2017-11-15-Webkul-6.md,2017,11,15,Webkul-6.md,Takedown,1
2017-11-15-Webkul-7.md,2017,11,15,Webkul-7.md,Takedown,1
2017-11-15-Webkul-9.md,2017,11,15,Webkul-9.md,Takedown,1
2017-11-15-Webkul-10.md,2017,11,15,Webkul-10.md,Takedown,1
2017-11-15-Webkul-11.md,2017,11,15,Webkul-11.md,Takedown,1
2017-11-15-Webkul-12.md,2017,11,15,Webkul-12.md,Takedown,1
2017-11-15-Webkul-13.md,2017,11,15,Webkul-13.md,Takedown,1
2017-11-15-Webkul-14.md,2017,11,15,Webkul-14.md,Takedown,1
2017-11-15-Webkul-15.md,2017,11,15,Webkul-15.md,Takedown,1
2017-11-15-Webkul-16.md,2017,11,15,Webkul-16.md,Takedown,1
2017-11-15-Webkul-17.md,2017,11,15,Webkul-17.md,Takedown,1
2017-11-15-Webkul-18.md,2017,11,15,Webkul-18.md,Takedown,1
2017-11-17-AWS.md,2017,11,17,AWS.md,Takedown,16
2017-11-17-Listen1.md,2017,11,17,Listen1.md,Takedown,1
2017-11-20-HoughtonMifflin.md,2017,11,20,HoughtonMifflin.md,Takedown,1
2017-11-20-OffensiveSecurity.md,2017,11,20,OffensiveSecurity.md,Takedown,1
2017-11-20-Pearson.md,2017,11,20,Pearson.md,Takedown,1
2017-11-20-Penguin.md,2017,11,20,Penguin.md,Takedown,1
2017-11-20-RandomHouse.md,2017,11,20,RandomHouse.md,Takedown,1
2017-11-20-ReedElsevier.md,2017,11,20,ReedElsevier.md,Takedown,1
2017-11-20-StereoArts.md,2017,11,20,StereoArts.md,Takedown,1
2017-11-21-AccentureGlobal.md,2017,11,21,AccentureGlobal.md,Takedown,2
2017-11-21-CashLink.md,2017,11,21,CashLink.md,Takedown,2
2017-11-21-DieboldNixdorf.md,2017,11,21,DieboldNixdorf.md,Takedown,1
2017-11-21-Flectra.md,2017,11,21,Flectra.md,Takedown,9
2017-11-21-Shimlar.md,2017,11,21,Shimlar.md,Takedown,1
2017-11-21-Wing.md,2017,11,21,Wing.md,Takedown,1
2017-11-22-Barclays.md,2017,11,22,Barclays.md,Takedown,7
2017-11-22-LANDI.md,2017,11,22,LANDI.md,Takedown,1
2017-11-22-Matlab.md,2017,11,22,Matlab.md,Takedown,1
2017-11-22-ProtextMe.md,2017,11,22,ProtextMe.md,Takedown,1
2017-11-23-LANDI.md,2017,11,23,LANDI.md,Takedown,2
2017-11-23-Odoo.md,2017,11,23,Odoo.md,Takedown,11
2017-11-27-Acunetix.md,2017,11,27,Acunetix.md,Takedown,1
2017-11-27-Attributor.md,2017,11,27,Attributor.md,Takedown,2
2017-11-27-Booking.md,2017,11,27,Booking.md,Takedown,1
2017-11-27-BT.md,2017,11,27,BT.md,Takedown,1
2017-11-27-Huawei.md,2017,11,27,Huawei.md,Takedown,1
2017-11-27-OffensiveSecurity-2.md,2017,11,27,OffensiveSecurity-2.md,Takedown,1
2017-11-27-OffensiveSecurity.md,2017,11,27,OffensiveSecurity.md,Takedown,1
2017-11-27-Pearson.md,2017,11,27,Pearson.md,Takedown,1
2017-11-27-Shimlar-CounterNotice.md,2017,11,27,Shimlar-CounterNotice.md,Counter Notice,1
2017-11-27-Stereoarts.md,2017,11,27,Stereoarts.md,Takedown,1
2017-11-27-Symantec.md,2017,11,27,Symantec.md,Takedown,1
2017-11-27-Webkul-2.md,2017,11,27,Webkul-2.md,Takedown,1
2017-11-27-Webkul-3.md,2017,11,27,Webkul-3.md,Takedown,1
2017-11-27-Webkul.md,2017,11,27,Webkul.md,Takedown,1
2017-11-27-WellsFargo.md,2017,11,27,WellsFargo.md,Takedown,13
2017-11-28-AMS.md,2017,11,28,AMS.md,Takedown,1
2017-11-28-Attributor.md,2017,11,28,Attributor.md,Takedown,1
2017-11-28-Center-News.md,2017,11,28,Center-News.md,Takedown,1
2017-11-28-Codility.md,2017,11,28,Codility.md,Takedown,1
2017-11-28-HealthHero.md,2017,11,28,HealthHero.md,Takedown,2
2017-11-28-HouseSigma.md,2017,11,28,HouseSigma.md,Takedown,1
2017-11-28-Hulu.md,2017,11,28,Hulu.md,Takedown,1
2017-11-28-Koosmik.md,2017,11,28,Koosmik.md,Takedown,1
2017-11-28-SmartAdmin.md,2017,11,28,SmartAdmin.md,Takedown,7
2017-11-28-Toontown.md,2017,11,28,Toontown.md,Takedown,1
2017-11-29-Booking.md,2017,11,29,Booking.md,Takedown,1
2017-11-29-OffensiveSecurity.md,2017,11,29,OffensiveSecurity.md,Takedown,1
2017-11-29-Toontown.md,2017,11,29,Toontown.md,Takedown,1
2017-11-29-Unity.md,2017,11,29,Unity.md,Takedown,12
2017-11-30-BrokenVector.md,2017,11,30,BrokenVector.md,Takedown,1
2017-11-30-Codility.md,2017,11,30,Codility.md,Takedown,1
2017-11-30-EVP5.md,2017,11,30,EVP5.md,Takedown,1
2017-11-30-MachineLearning.md,2017,11,30,MachineLearning.md,Takedown,1
2017-11-30-Mobiscroll.md,2017,11,30,Mobiscroll.md,Takedown,14
2017-11-30-RandomHouse.md,2017,11,30,RandomHouse.md,Takedown,1
2017-11-30-StereoArts.md,2017,11,30,StereoArts.md,Takedown,1
2017-11-30-Theinhardt.md,2017,11,30,Theinhardt.md,Takedown,1
2017-11-30-USBank.md,2017,11,30,USBank.md,Takedown,4
2017-11-30-WellsFargo.md,2017,11,30,WellsFargo.md,Takedown,3
2017-12-01-Listen1-CounterNotice.md,2017,12,01,Listen1-CounterNotice.md,Counter Notice,1
2017-12-01-OpenPlatform.md,2017,12,01,OpenPlatform.md,Takedown,1
2017-12-02-ShoutOurDotBiz.md,2017,12,02,ShoutOurDotBiz.md,Takedown,1
2017-12-04-LANDI.md,2017,12,04,LANDI.md,Takedown,1
2017-12-04-MachineLearning-CounterNotice.md,2017,12,04,MachineLearning-CounterNotice.md,Counter Notice,1
2017-12-04-mypublic-src.md,2017,12,04,mypublic-src.md,Takedown,1
2017-12-04-Parallax.md,2017,12,04,Parallax.md,Takedown,1
2017-12-04-Pearson.md,2017,12,04,Pearson.md,Takedown,1
2017-12-04-SageTechnologies.md,2017,12,04,SageTechnologies.md,Takedown,1
2017-12-04-Sanofi.md,2017,12,04,Sanofi.md,Takedown,1
2017-12-04-Stereoarts.md,2017,12,04,Stereoarts.md,Takedown,1
2017-12-04-Webkul-2.md,2017,12,04,Webkul-2.md,Takedown,1
2017-12-04-Webkul.md,2017,12,04,Webkul.md,Takedown,1
2017-12-04-WindRiver-2.md,2017,12,04,WindRiver-2.md,Takedown,1
2017-12-04-Windriver.md,2017,12,04,Windriver.md,Takedown,1
2017-12-04-WizardsoftheCoast.md,2017,12,04,WizardsoftheCoast.md,Takedown,1
2017-12-05-Amdocs.md,2017,12,05,Amdocs.md,Takedown,1
2017-12-05-Carson-Dellosa.md,2017,12,05,Carson-Dellosa.md,Takedown,1
2017-12-05-CodeOrange.md,2017,12,05,CodeOrange.md,Takedown,1
2017-12-05-HashMicro.md,2017,12,05,HashMicro.md,Takedown,1
2017-12-05-LegacyStudios.md,2017,12,05,LegacyStudios.md,Takedown,1
2017-12-05-Loader.md,2017,12,05,Loader.md,Takedown,1
2017-12-05-Target.md,2017,12,05,Target.md,Takedown,6
2017-12-05-Webkul.md,2017,12,05,Webkul.md,Takedown,3
2017-12-06-CapitalOne.md,2017,12,06,CapitalOne.md,Takedown,12
2017-12-06-DJI.md,2017,12,06,DJI.md,Takedown,16
2017-12-06-GarbageCollectionHandbook.md,2017,12,06,GarbageCollectionHandbook.md,Takedown,1
2017-12-06-HealthHero.md,2017,12,06,HealthHero.md,Takedown,1
2017-12-06-T4c.md,2017,12,06,T4c.md,Takedown,1
2017-12-07-ClicknGo.md,2017,12,07,ClicknGo.md,Takedown,1
2017-12-07-EVP5.md,2017,12,07,EVP5.md,Takedown,2
2017-12-07-HBInnovation.md,2017,12,07,HBInnovation.md,Takedown,1
2017-12-07-KKKCtp.md,2017,12,07,KKKCtp.md,Takedown,1
2017-12-07-LegacyLauncher.md,2017,12,07,LegacyLauncher.md,Takedown,2
2017-12-07-OffensiveSecurity.md,2017,12,07,OffensiveSecurity.md,Takedown,1
2017-12-07-Pearson.md,2017,12,07,Pearson.md,Takedown,2
2017-12-07-TheMusthaves.md,2017,12,07,TheMusthaves.md,Takedown,1
2017-12-08-CapitalOne-2.md,2017,12,08,CapitalOne-2.md,Takedown,1
2017-12-08-CapitalOne.md,2017,12,08,CapitalOne.md,Takedown,16
2017-12-08-T4C.md,2017,12,08,T4C.md,Takedown,7
2017-12-08-TMobile-2.md,2017,12,08,TMobile-2.md,Takedown,1
2017-12-08-TMobile-3.md,2017,12,08,TMobile-3.md,Takedown,1
2017-12-08-TMobile-4.md,2017,12,08,TMobile-4.md,Takedown,1
2017-12-08-TMobile-5.md,2017,12,08,TMobile-5.md,Takedown,1
2017-12-08-TMobile-6.md,2017,12,08,TMobile-6.md,Takedown,1
2017-12-08-TMobile-7.md,2017,12,08,TMobile-7.md,Takedown,1
2017-12-08-TMobile-8.md,2017,12,08,TMobile-8.md,Takedown,1
2017-12-08-TMobile-9.md,2017,12,08,TMobile-9.md,Takedown,1
2017-12-08-TMobile-10.md,2017,12,08,TMobile-10.md,Takedown,1
2017-12-08-TMobile-11.md,2017,12,08,TMobile-11.md,Takedown,1
2017-12-08-TMobile-12.md,2017,12,08,TMobile-12.md,Takedown,1
2017-12-08-TMobile.md,2017,12,08,TMobile.md,Takedown,1
2017-12-11-AIG.md,2017,12,11,AIG.md,Takedown,1
2017-12-11-Arrivy.md,2017,12,11,Arrivy.md,Takedown,1
2017-12-11-Attributor.md,2017,12,11,Attributor.md,Takedown,1
2017-12-11-AutoUHC.md,2017,12,11,AutoUHC.md,Takedown,3
2017-12-11-axa.md,2017,12,11,axa.md,Takedown,1
2017-12-11-Clickngo.md,2017,12,11,Clickngo.md,Takedown,1
2017-12-11-OffensiveSecurity-2.md,2017,12,11,OffensiveSecurity-2.md,Takedown,1
2017-12-11-OffensiveSecurity-3.md,2017,12,11,OffensiveSecurity-3.md,Takedown,1
2017-12-11-OffensiveSecurity.md,2017,12,11,OffensiveSecurity.md,Takedown,1
2017-12-11-Target.md,2017,12,11,Target.md,Takedown,2
2017-12-11-Taylor&Francis.md,2017,12,11,Taylor&Francis.md,Takedown,33
2017-12-11-Webkul-2.md,2017,12,11,Webkul-2.md,Takedown,1
2017-12-11-Webkul.md,2017,12,11,Webkul.md,Takedown,1
2017-12-11-WellsFargo-Counternotice.md,2017,12,11,WellsFargo-Counternotice.md,Counter Notice,1
2017-12-12-Arrivy.md,2017,12,12,Arrivy.md,Takedown,1
2017-12-12-FHAdmin-2.md,2017,12,12,FHAdmin-2.md,Takedown,1
2017-12-12-FHAdmin.md,2017,12,12,FHAdmin.md,Takedown,2
2017-12-12-Insyde.md,2017,12,12,Insyde.md,Takedown,2
2017-12-12-Nihon.md,2017,12,12,Nihon.md,Takedown,1
2017-12-12-Odoo-2.md,2017,12,12,Odoo-2.md,Takedown,1
2017-12-12-Odoo-3.md,2017,12,12,Odoo-3.md,Takedown,5
2017-12-12-Odoo.md,2017,12,12,Odoo.md,Takedown,3
2017-12-12-Offensive-Security-1.md,2017,12,12,Offensive-Security-1.md,Takedown,1
2017-12-12-Offensive-Security-2.md,2017,12,12,Offensive-Security-2.md,Takedown,1
2017-12-12-Offensive-Security-3.md,2017,12,12,Offensive-Security-3.md,Takedown,1
2017-12-12-Offensive-Security-4.md,2017,12,12,Offensive-Security-4.md,Takedown,1
2017-12-12-Offensive-Security-5.md,2017,12,12,Offensive-Security-5.md,Takedown,1
2017-12-12-Offensive-Security-8.md,2017,12,12,Offensive-Security-8.md,Takedown,1
2017-12-12-Offensive-Security-10.md,2017,12,12,Offensive-Security-10.md,Takedown,1
2017-12-12-Offensive-Security-11.md,2017,12,12,Offensive-Security-11.md,Takedown,1
2017-12-12-OffensiveSecurity-9.md,2017,12,12,OffensiveSecurity-9.md,Takedown,1
2017-12-12-Pearson.md,2017,12,12,Pearson.md,Takedown,1
2017-12-13-AutoUHC-CounterNotice.md,2017,12,13,AutoUHC-CounterNotice.md,Counter Notice,1
2017-12-13-FHAdmin.md,2017,12,13,FHAdmin.md,Takedown,1
2017-12-13-PragmaticProgrammers.md,2017,12,13,PragmaticProgrammers.md,Takedown,1
2017-12-13-Techsmith.md,2017,12,13,Techsmith.md,Takedown,2
2017-12-14-CapitalOne.md,2017,12,14,CapitalOne.md,Takedown,12
2017-12-14-LinkBusters.md,2017,12,14,LinkBusters.md,Takedown,1
2017-12-14-Springer.md,2017,12,14,Springer.md,Takedown,1
2017-12-14-TMobile-2.md,2017,12,14,TMobile-2.md,Takedown,1
2017-12-14-TMobile.md,2017,12,14,TMobile.md,Takedown,1
2017-12-15-CodeOrange-Counternotice.md,2017,12,15,CodeOrange-Counternotice.md,Counter Notice,1
2017-12-15-TMobile-1.md,2017,12,15,TMobile-1.md,Takedown,1
2017-12-15-TMobile-2.md,2017,12,15,TMobile-2.md,Takedown,1
2017-12-18-Codility.md,2017,12,18,Codility.md,Takedown,1
2017-12-18-EpicGames.md,2017,12,18,EpicGames.md,Takedown,1
2017-12-18-EVP5.md,2017,12,18,EVP5.md,Takedown,1
2017-12-19-JavaFX.md,2017,12,19,JavaFX.md,Takedown,1
2017-12-19-Pearson.md,2017,12,19,Pearson.md,Takedown,1
2017-12-19-TechSmith.md,2017,12,19,TechSmith.md,Takedown,1
2017-12-20-Aquarius3.md,2017,12,20,Aquarius3.md,Takedown,1
2017-12-20-BurpSuite.md,2017,12,20,BurpSuite.md,Takedown,1
2017-12-20-Flectra.md,2017,12,20,Flectra.md,Takedown,3
2017-12-20-HoughtonMifflin.md,2017,12,20,HoughtonMifflin.md,Takedown,1
2017-12-20-Playboy.md,2017,12,20,Playboy.md,Takedown,1
2017-12-21-BurpSuite.md,2017,12,21,BurpSuite.md,Takedown,148
2017-12-21-Deezer.md,2017,12,21,Deezer.md,Takedown,24
2017-12-21-Webkul-2.md,2017,12,21,Webkul-2.md,Takedown,1
2017-12-21-Webkul.md,2017,12,21,Webkul.md,Takedown,1
2017-12-27-FHAdmin.md,2017,12,27,FHAdmin.md,Takedown,1
2017-12-27-McKesson.md,2017,12,27,McKesson.md,Takedown,1
2017-12-27-SEH.md,2017,12,27,SEH.md,Takedown,1
2017-12-27-Webkul-2.md,2017,12,27,Webkul-2.md,Takedown,1
2017-12-27-Webkul-3.md,2017,12,27,Webkul-3.md,Takedown,1
2017-12-27-Webkul-4.md,2017,12,27,Webkul-4.md,Takedown,1
2017-12-27-Webkul.md,2017,12,27,Webkul.md,Takedown,1
2017-12-27-WindRiverVxWorks.md,2017,12,27,WindRiverVxWorks.md,Takedown,5
2017-12-28-BurpSuite.md,2017,12,28,BurpSuite.md,Takedown,1
2017-12-28-gymamigo.md,2017,12,28,gymamigo.md,Takedown,1
2017-12-28-Lubuntu.md,2017,12,28,Lubuntu.md,Takedown,1
2017-12-28-Masari.md,2017,12,28,Masari.md,Takedown,1
2017-12-28-myRep.md,2017,12,28,myRep.md,Takedown,2
2017-12-28-Omoshiroi.md,2017,12,28,Omoshiroi.md,Takedown,114
2017-12-28-Pearson.md,2017,12,28,Pearson.md,Takedown,3
2017-12-28-WindRiver-2.md,2017,12,28,WindRiver-2.md,Takedown,12
2017-12-28-WindRiver.md,2017,12,28,WindRiver.md,Takedown,8
2017-12-29-Deezer.md,2017,12,29,Deezer.md,Takedown,8
2017-12-29-DJI-CounterNotice.md,2017,12,29,DJI-CounterNotice.md,Counter Notice,1
2017-Offensive-Security-7.md,2017,Of,en,ive-Security-7.md,Takedown,1
20107-05-22-Pearson.md,2010,-0,-2,-Pearson.md,Takedown,2
Offensive-Security-6.md,Offe,si,e-,ecurity-6.md,Takedown,1
2017-02-01-RBoyApps-2.md,2017,02,01,RBoyApps-2.md,Takedown,16
2017-02-15-DeutscheBank.md,2017,02,15,DeutscheBank.md,Takedown,1
2017-03-13-Jetbrains.md,2017,03,13,Jetbrains.md,Takedown,29
2017-06-26-Wipro-Counternotice.md,2017,06,26,Wipro-Counternotice.md,Counter Notice,1
2017-06-30-AdflyLink.md,2017,06,30,AdflyLink.md,Takedown,1
2017-07-28-Toontown-2.md,2017,07,28,Toontown-2.md,Takedown,2
2017-08-31-Tourzan.md,2017,08,31,Tourzan.md,Takedown,1
2017-09-04-Random-House.md,2017,09,04,Random-House.md,Takedown,1
2017-09-05-RandomHouse-2.md,2017,09,05,RandomHouse-2.md,Takedown,1
2017-09-18-RandomHouse.md,2017,09,18,RandomHouse.md,Takedown,2
2017-09-19-Ragnarok.md,2017,09,19,Ragnarok.md,Takedown,1
2017-10-10-Broadcom.md,2017,10,10,Broadcom.md,Takedown,1
